geoid,year,county,state,inclusive_growth_score,is_an_opportunity_zone,county_fips,state_fips
24510150800,2020,Baltimore city,Maryland,36.0,,24510,24
24510150800,2021,Baltimore city,Maryland,40.0,,24510,24
24510150800,2022,Baltimore city,Maryland,34.0,,24510,24
24510150800,2023,Baltimore city,Maryland,38.0,,24510,24
24510150800,2024,Baltimore city,Maryland,38.0,,24510,24
24510250103,2020,Baltimore city,Maryland,48.0,,24510,24
24510250103,2021,Baltimore city,Maryland,44.0,,24510,24
24510250103,2022,Baltimore city,Maryland,43.0,,24510,24
24510250103,2023,Baltimore city,Maryland,40.0,,24510,24
24510250103,2024,Baltimore city,Maryland,42.0,,24510,24
24510220100,2020,Baltimore city,Maryland,59.0,,24510,24
24510220100,2021,Baltimore city,Maryland,68.0,,24510,24
24510220100,2022,Baltimore city,Maryland,64.0,,24510,24
24510220100,2023,Baltimore city,Maryland,62.0,,24510,24
24510220100,2024,Baltimore city,Maryland,61.0,,24510,24
24510250102,2020,Baltimore city,Maryland,34.0,,24510,24
24510250102,2021,Baltimore city,Maryland,40.0,,24510,24
24510250102,2022,Baltimore city,Maryland,37.0,,24510,24
24510250102,2023,Baltimore city,Maryland,41.0,,24510,24
24510250102,2024,Baltimore city,Maryland,37.0,,24510,24
24510110100,2020,Baltimore city,Maryland,45.0,,24510,24
24510110100,2021,Baltimore city,Maryland,44.0,,24510,24
24510110100,2022,Baltimore city,Maryland,45.0,,24510,24
24510110100,2023,Baltimore city,Maryland,44.0,,24510,24
24510110100,2024,Baltimore city,Maryland,43.0,,24510,24
24510250600,2020,Baltimore city,Maryland,,,24510,24
24510250600,2021,Baltimore city,Maryland,,,24510,24
24510250600,2022,Baltimore city,Maryland,,,24510,24
24510250600,2023,Baltimore city,Maryland,,,24510,24
24510250600,2024,Baltimore city,Maryland,,,24510,24
24510260401,2020,Baltimore city,Maryland,38.0,,24510,24
24510260401,2021,Baltimore city,Maryland,40.0,,24510,24
24510260401,2022,Baltimore city,Maryland,34.0,,24510,24
24510260401,2023,Baltimore city,Maryland,32.0,,24510,24
24510260401,2024,Baltimore city,Maryland,38.0,,24510,24
24510160700,2020,Baltimore city,Maryland,32.0,,24510,24
24510160700,2021,Baltimore city,Maryland,38.0,,24510,24
24510160700,2022,Baltimore city,Maryland,29.0,,24510,24
24510160700,2023,Baltimore city,Maryland,32.0,,24510,24
24510160700,2024,Baltimore city,Maryland,32.0,,24510,24
24510060400,2020,Baltimore city,Maryland,50.0,,24510,24
24510060400,2021,Baltimore city,Maryland,40.0,,24510,24
24510060400,2022,Baltimore city,Maryland,35.0,,24510,24
24510060400,2023,Baltimore city,Maryland,48.0,,24510,24
24510060400,2024,Baltimore city,Maryland,45.0,,24510,24
24510080301,2020,Baltimore city,Maryland,26.0,,24510,24
24510080301,2021,Baltimore city,Maryland,33.0,,24510,24
24510080301,2022,Baltimore city,Maryland,31.0,,24510,24
24510080301,2023,Baltimore city,Maryland,24.0,,24510,24
24510080301,2024,Baltimore city,Maryland,30.0,,24510,24
24510260604,2020,Baltimore city,Maryland,42.0,,24510,24
24510260604,2021,Baltimore city,Maryland,36.0,,24510,24
24510260604,2022,Baltimore city,Maryland,24.0,,24510,24
24510260604,2023,Baltimore city,Maryland,30.0,,24510,24
24510260604,2024,Baltimore city,Maryland,30.0,,24510,24
24510272004,2020,Baltimore city,Maryland,36.0,,24510,24
24510272004,2021,Baltimore city,Maryland,38.0,,24510,24
24510272004,2022,Baltimore city,Maryland,36.0,,24510,24
24510272004,2023,Baltimore city,Maryland,50.0,,24510,24
24510272004,2024,Baltimore city,Maryland,52.0,,24510,24
24510210200,2020,Baltimore city,Maryland,48.0,,24510,24
24510210200,2021,Baltimore city,Maryland,47.0,,24510,24
24510210200,2022,Baltimore city,Maryland,55.0,,24510,24
24510210200,2023,Baltimore city,Maryland,48.0,,24510,24
24510210200,2024,Baltimore city,Maryland,54.0,,24510,24
24510150701,2020,Baltimore city,Maryland,44.0,,24510,24
24510150701,2021,Baltimore city,Maryland,48.0,,24510,24
24510150701,2022,Baltimore city,Maryland,49.0,,24510,24
24510150701,2023,Baltimore city,Maryland,46.0,,24510,24
24510150701,2024,Baltimore city,Maryland,45.0,,24510,24
24510270902,2020,Baltimore city,Maryland,40.0,,24510,24
24510270902,2021,Baltimore city,Maryland,38.0,,24510,24
24510270902,2022,Baltimore city,Maryland,41.0,,24510,24
24510270902,2023,Baltimore city,Maryland,39.0,,24510,24
24510270902,2024,Baltimore city,Maryland,30.0,,24510,24
24510130805,2020,Baltimore city,Maryland,34.0,,24510,24
24510130805,2021,Baltimore city,Maryland,34.0,,24510,24
24510130805,2022,Baltimore city,Maryland,36.0,,24510,24
24510130805,2023,Baltimore city,Maryland,40.0,,24510,24
24510130805,2024,Baltimore city,Maryland,35.0,,24510,24
24510090900,2020,Baltimore city,Maryland,36.0,,24510,24
24510090900,2021,Baltimore city,Maryland,35.0,,24510,24
24510090900,2022,Baltimore city,Maryland,32.0,,24510,24
24510090900,2023,Baltimore city,Maryland,38.0,,24510,24
24510090900,2024,Baltimore city,Maryland,35.0,,24510,24
24510130100,2020,Baltimore city,Maryland,39.0,,24510,24
24510130100,2021,Baltimore city,Maryland,36.0,,24510,24
24510130100,2022,Baltimore city,Maryland,34.0,,24510,24
24510130100,2023,Baltimore city,Maryland,35.0,,24510,24
24510130100,2024,Baltimore city,Maryland,41.0,,24510,24
24510270402,2020,Baltimore city,Maryland,48.0,,24510,24
24510270402,2021,Baltimore city,Maryland,48.0,,24510,24
24510270402,2022,Baltimore city,Maryland,46.0,,24510,24
24510270402,2023,Baltimore city,Maryland,47.0,,24510,24
24510270402,2024,Baltimore city,Maryland,47.0,,24510,24
24510151000,2020,Baltimore city,Maryland,32.0,,24510,24
24510151000,2021,Baltimore city,Maryland,38.0,,24510,24
24510151000,2022,Baltimore city,Maryland,36.0,,24510,24
24510151000,2023,Baltimore city,Maryland,34.0,,24510,24
24510151000,2024,Baltimore city,Maryland,34.0,,24510,24
24510261100,2020,Baltimore city,Maryland,54.0,,24510,24
24510261100,2021,Baltimore city,Maryland,43.0,,24510,24
24510261100,2022,Baltimore city,Maryland,50.0,,24510,24
24510261100,2023,Baltimore city,Maryland,54.0,,24510,24
24510261100,2024,Baltimore city,Maryland,50.0,,24510,24
24510272007,2020,Baltimore city,Maryland,32.0,,24510,24
24510272007,2021,Baltimore city,Maryland,37.0,,24510,24
24510272007,2022,Baltimore city,Maryland,38.0,,24510,24
24510272007,2023,Baltimore city,Maryland,36.0,,24510,24
24510272007,2024,Baltimore city,Maryland,37.0,,24510,24
24510130700,2020,Baltimore city,Maryland,56.0,,24510,24
24510130700,2021,Baltimore city,Maryland,56.0,,24510,24
24510130700,2022,Baltimore city,Maryland,60.0,,24510,24
24510130700,2023,Baltimore city,Maryland,54.0,,24510,24
24510130700,2024,Baltimore city,Maryland,57.0,,24510,24
24510260302,2020,Baltimore city,Maryland,34.0,,24510,24
24510260302,2021,Baltimore city,Maryland,40.0,,24510,24
24510260302,2022,Baltimore city,Maryland,44.0,,24510,24
24510260302,2023,Baltimore city,Maryland,43.0,,24510,24
24510260302,2024,Baltimore city,Maryland,44.0,,24510,24
24510261000,2020,Baltimore city,Maryland,42.0,,24510,24
24510261000,2021,Baltimore city,Maryland,38.0,,24510,24
24510261000,2022,Baltimore city,Maryland,36.0,,24510,24
24510261000,2023,Baltimore city,Maryland,44.0,,24510,24
24510261000,2024,Baltimore city,Maryland,50.0,,24510,24
24510270600,2020,Baltimore city,Maryland,54.0,,24510,24
24510270600,2021,Baltimore city,Maryland,51.0,,24510,24
24510270600,2022,Baltimore city,Maryland,49.0,,24510,24
24510270600,2023,Baltimore city,Maryland,49.0,,24510,24
24510270600,2024,Baltimore city,Maryland,51.0,,24510,24
24510280403,2020,Baltimore city,Maryland,46.0,,24510,24
24510280403,2021,Baltimore city,Maryland,37.0,,24510,24
24510280403,2022,Baltimore city,Maryland,37.0,,24510,24
24510280403,2023,Baltimore city,Maryland,36.0,,24510,24
24510280403,2024,Baltimore city,Maryland,30.0,,24510,24
24510170100,2020,Baltimore city,Maryland,38.0,,24510,24
24510170100,2021,Baltimore city,Maryland,40.0,,24510,24
24510170100,2022,Baltimore city,Maryland,39.0,,24510,24
24510170100,2023,Baltimore city,Maryland,41.0,,24510,24
24510170100,2024,Baltimore city,Maryland,42.0,,24510,24
24510240100,2020,Baltimore city,Maryland,70.0,,24510,24
24510240100,2021,Baltimore city,Maryland,64.0,,24510,24
24510240100,2022,Baltimore city,Maryland,66.0,,24510,24
24510240100,2023,Baltimore city,Maryland,65.0,,24510,24
24510240100,2024,Baltimore city,Maryland,62.0,,24510,24
24510260202,2020,Baltimore city,Maryland,38.0,,24510,24
24510260202,2021,Baltimore city,Maryland,34.0,,24510,24
24510260202,2022,Baltimore city,Maryland,40.0,,24510,24
24510260202,2023,Baltimore city,Maryland,44.0,,24510,24
24510260202,2024,Baltimore city,Maryland,46.0,,24510,24
24510250303,2020,Baltimore city,Maryland,30.0,,24510,24
24510250303,2021,Baltimore city,Maryland,36.0,,24510,24
24510250303,2022,Baltimore city,Maryland,30.0,,24510,24
24510250303,2023,Baltimore city,Maryland,24.0,,24510,24
24510250303,2024,Baltimore city,Maryland,29.0,,24510,24
24510271501,2020,Baltimore city,Maryland,60.0,,24510,24
24510271501,2021,Baltimore city,Maryland,60.0,,24510,24
24510271501,2022,Baltimore city,Maryland,60.0,,24510,24
24510271501,2023,Baltimore city,Maryland,58.0,,24510,24
24510271501,2024,Baltimore city,Maryland,64.0,,24510,24
24510200400,2020,Baltimore city,Maryland,32.0,,24510,24
24510200400,2021,Baltimore city,Maryland,28.0,,24510,24
24510200400,2022,Baltimore city,Maryland,29.0,,24510,24
24510200400,2023,Baltimore city,Maryland,26.0,,24510,24
24510200400,2024,Baltimore city,Maryland,32.0,,24510,24
24510270703,2020,Baltimore city,Maryland,49.0,,24510,24
24510270703,2021,Baltimore city,Maryland,56.0,,24510,24
24510270703,2022,Baltimore city,Maryland,61.0,,24510,24
24510270703,2023,Baltimore city,Maryland,52.0,,24510,24
24510270703,2024,Baltimore city,Maryland,53.0,,24510,24
24510270102,2020,Baltimore city,Maryland,40.0,,24510,24
24510270102,2021,Baltimore city,Maryland,34.0,,24510,24
24510270102,2022,Baltimore city,Maryland,38.0,,24510,24
24510270102,2023,Baltimore city,Maryland,42.0,,24510,24
24510270102,2024,Baltimore city,Maryland,40.0,,24510,24
24510010100,2020,Baltimore city,Maryland,56.0,,24510,24
24510010100,2021,Baltimore city,Maryland,62.0,,24510,24
24510010100,2022,Baltimore city,Maryland,61.0,,24510,24
24510010100,2023,Baltimore city,Maryland,60.0,,24510,24
24510010100,2024,Baltimore city,Maryland,60.0,,24510,24
24510270200,2020,Baltimore city,Maryland,49.0,,24510,24
24510270200,2021,Baltimore city,Maryland,53.0,,24510,24
24510270200,2022,Baltimore city,Maryland,58.0,,24510,24
24510270200,2023,Baltimore city,Maryland,52.0,,24510,24
24510270200,2024,Baltimore city,Maryland,53.0,,24510,24
24510151300,2020,Baltimore city,Maryland,36.0,,24510,24
24510151300,2021,Baltimore city,Maryland,36.0,,24510,24
24510151300,2022,Baltimore city,Maryland,47.0,,24510,24
24510151300,2023,Baltimore city,Maryland,47.0,,24510,24
24510151300,2024,Baltimore city,Maryland,48.0,,24510,24
24510140100,2020,Baltimore city,Maryland,41.0,,24510,24
24510140100,2021,Baltimore city,Maryland,42.0,,24510,24
24510140100,2022,Baltimore city,Maryland,42.0,,24510,24
24510140100,2023,Baltimore city,Maryland,42.0,,24510,24
24510140100,2024,Baltimore city,Maryland,46.0,,24510,24
24510271300,2020,Baltimore city,Maryland,62.0,,24510,24
24510271300,2021,Baltimore city,Maryland,59.0,,24510,24
24510271300,2022,Baltimore city,Maryland,62.0,,24510,24
24510271300,2023,Baltimore city,Maryland,57.0,,24510,24
24510271300,2024,Baltimore city,Maryland,59.0,,24510,24
24510230100,2020,Baltimore city,Maryland,40.0,,24510,24
24510230100,2021,Baltimore city,Maryland,58.0,,24510,24
24510230100,2022,Baltimore city,Maryland,58.0,,24510,24
24510230100,2023,Baltimore city,Maryland,52.0,,24510,24
24510230100,2024,Baltimore city,Maryland,60.0,,24510,24
24510160600,2020,Baltimore city,Maryland,34.0,,24510,24
24510160600,2021,Baltimore city,Maryland,28.0,,24510,24
24510160600,2022,Baltimore city,Maryland,30.0,,24510,24
24510160600,2023,Baltimore city,Maryland,28.0,,24510,24
24510160600,2024,Baltimore city,Maryland,27.0,,24510,24
24510271900,2020,Baltimore city,Maryland,35.0,,24510,24
24510271900,2021,Baltimore city,Maryland,37.0,,24510,24
24510271900,2022,Baltimore city,Maryland,40.0,,24510,24
24510271900,2023,Baltimore city,Maryland,36.0,,24510,24
24510271900,2024,Baltimore city,Maryland,42.0,,24510,24
24510120201,2020,Baltimore city,Maryland,62.0,,24510,24
24510120201,2021,Baltimore city,Maryland,52.0,,24510,24
24510120201,2022,Baltimore city,Maryland,50.0,,24510,24
24510120201,2023,Baltimore city,Maryland,42.0,,24510,24
24510120201,2024,Baltimore city,Maryland,50.0,,24510,24
24510130400,2020,Baltimore city,Maryland,26.0,,24510,24
24510130400,2021,Baltimore city,Maryland,32.0,,24510,24
24510130400,2022,Baltimore city,Maryland,32.0,,24510,24
24510130400,2023,Baltimore city,Maryland,33.0,,24510,24
24510130400,2024,Baltimore city,Maryland,26.0,,24510,24
24510120202,2020,Baltimore city,Maryland,49.0,,24510,24
24510120202,2021,Baltimore city,Maryland,40.0,,24510,24
24510120202,2022,Baltimore city,Maryland,44.0,,24510,24
24510120202,2023,Baltimore city,Maryland,38.0,,24510,24
24510120202,2024,Baltimore city,Maryland,33.0,,24510,24
24510090300,2020,Baltimore city,Maryland,44.0,,24510,24
24510090300,2021,Baltimore city,Maryland,38.0,,24510,24
24510090300,2022,Baltimore city,Maryland,43.0,,24510,24
24510090300,2023,Baltimore city,Maryland,44.0,,24510,24
24510090300,2024,Baltimore city,Maryland,41.0,,24510,24
24510200300,2020,Baltimore city,Maryland,34.0,,24510,24
24510200300,2021,Baltimore city,Maryland,22.0,,24510,24
24510200300,2022,Baltimore city,Maryland,25.0,,24510,24
24510200300,2023,Baltimore city,Maryland,36.0,,24510,24
24510200300,2024,Baltimore city,Maryland,38.0,,24510,24
24510100200,2020,Baltimore city,Maryland,34.0,,24510,24
24510100200,2021,Baltimore city,Maryland,30.0,,24510,24
24510100200,2022,Baltimore city,Maryland,34.0,,24510,24
24510100200,2023,Baltimore city,Maryland,34.0,,24510,24
24510100200,2024,Baltimore city,Maryland,32.0,,24510,24
24510090700,2020,Baltimore city,Maryland,30.0,,24510,24
24510090700,2021,Baltimore city,Maryland,27.0,,24510,24
24510090700,2022,Baltimore city,Maryland,20.0,,24510,24
24510090700,2023,Baltimore city,Maryland,29.0,,24510,24
24510090700,2024,Baltimore city,Maryland,22.0,,24510,24
24510180200,2020,Baltimore city,Maryland,32.0,,24510,24
24510180200,2021,Baltimore city,Maryland,38.0,,24510,24
24510180200,2022,Baltimore city,Maryland,35.0,,24510,24
24510180200,2023,Baltimore city,Maryland,34.0,,24510,24
24510180200,2024,Baltimore city,Maryland,34.0,,24510,24
24510120700,2020,Baltimore city,Maryland,52.0,,24510,24
24510120700,2021,Baltimore city,Maryland,57.0,,24510,24
24510120700,2022,Baltimore city,Maryland,52.0,,24510,24
24510120700,2023,Baltimore city,Maryland,50.0,,24510,24
24510120700,2024,Baltimore city,Maryland,49.0,,24510,24
24510080600,2020,Baltimore city,Maryland,34.0,,24510,24
24510080600,2021,Baltimore city,Maryland,20.0,,24510,24
24510080600,2022,Baltimore city,Maryland,28.0,,24510,24
24510080600,2023,Baltimore city,Maryland,24.0,,24510,24
24510080600,2024,Baltimore city,Maryland,24.0,,24510,24
24510280301,2020,Baltimore city,Maryland,39.0,,24510,24
24510280301,2021,Baltimore city,Maryland,44.0,,24510,24
24510280301,2022,Baltimore city,Maryland,44.0,,24510,24
24510280301,2023,Baltimore city,Maryland,42.0,,24510,24
24510280301,2024,Baltimore city,Maryland,42.0,,24510,24
24510090600,2020,Baltimore city,Maryland,32.0,,24510,24
24510090600,2021,Baltimore city,Maryland,24.0,,24510,24
24510090600,2022,Baltimore city,Maryland,26.0,,24510,24
24510090600,2023,Baltimore city,Maryland,32.0,,24510,24
24510090600,2024,Baltimore city,Maryland,31.0,,24510,24
24510270701,2020,Baltimore city,Maryland,36.0,,24510,24
24510270701,2021,Baltimore city,Maryland,40.0,,24510,24
24510270701,2022,Baltimore city,Maryland,44.0,,24510,24
24510270701,2023,Baltimore city,Maryland,38.0,,24510,24
24510270701,2024,Baltimore city,Maryland,44.0,,24510,24
24510260403,2020,Baltimore city,Maryland,34.0,,24510,24
24510260403,2021,Baltimore city,Maryland,40.0,,24510,24
24510260403,2022,Baltimore city,Maryland,45.0,,24510,24
24510260403,2023,Baltimore city,Maryland,45.0,,24510,24
24510260403,2024,Baltimore city,Maryland,44.0,,24510,24
24510130806,2020,Baltimore city,Maryland,55.0,,24510,24
24510130806,2021,Baltimore city,Maryland,64.0,,24510,24
24510130806,2022,Baltimore city,Maryland,55.0,,24510,24
24510130806,2023,Baltimore city,Maryland,52.0,,24510,24
24510130806,2024,Baltimore city,Maryland,54.0,,24510,24
24510090500,2020,Baltimore city,Maryland,38.0,,24510,24
24510090500,2021,Baltimore city,Maryland,34.0,,24510,24
24510090500,2022,Baltimore city,Maryland,38.0,,24510,24
24510090500,2023,Baltimore city,Maryland,34.0,,24510,24
24510090500,2024,Baltimore city,Maryland,38.0,,24510,24
24510280404,2020,Baltimore city,Maryland,36.0,,24510,24
24510280404,2021,Baltimore city,Maryland,36.0,,24510,24
24510280404,2022,Baltimore city,Maryland,41.0,,24510,24
24510280404,2023,Baltimore city,Maryland,26.0,,24510,24
24510280404,2024,Baltimore city,Maryland,27.0,,24510,24
24510120600,2020,Baltimore city,Maryland,41.0,,24510,24
24510120600,2021,Baltimore city,Maryland,52.0,,24510,24
24510120600,2022,Baltimore city,Maryland,48.0,,24510,24
24510120600,2023,Baltimore city,Maryland,46.0,,24510,24
24510120600,2024,Baltimore city,Maryland,47.0,,24510,24
24510260900,2020,Baltimore city,Maryland,62.0,,24510,24
24510260900,2021,Baltimore city,Maryland,64.0,,24510,24
24510260900,2022,Baltimore city,Maryland,64.0,,24510,24
24510260900,2023,Baltimore city,Maryland,62.0,,24510,24
24510260900,2024,Baltimore city,Maryland,64.0,,24510,24
24510120100,2020,Baltimore city,Maryland,50.0,,24510,24
24510120100,2021,Baltimore city,Maryland,52.0,,24510,24
24510120100,2022,Baltimore city,Maryland,59.0,,24510,24
24510120100,2023,Baltimore city,Maryland,62.0,,24510,24
24510120100,2024,Baltimore city,Maryland,62.0,,24510,24
24510271102,2020,Baltimore city,Maryland,42.0,,24510,24
24510271102,2021,Baltimore city,Maryland,52.0,,24510,24
24510271102,2022,Baltimore city,Maryland,52.0,,24510,24
24510271102,2023,Baltimore city,Maryland,46.0,,24510,24
24510271102,2024,Baltimore city,Maryland,44.0,,24510,24
24510280101,2020,Baltimore city,Maryland,38.0,,24510,24
24510280101,2021,Baltimore city,Maryland,40.0,,24510,24
24510280101,2022,Baltimore city,Maryland,39.0,,24510,24
24510280101,2023,Baltimore city,Maryland,42.0,,24510,24
24510280101,2024,Baltimore city,Maryland,42.0,,24510,24
24510160801,2020,Baltimore city,Maryland,39.0,,24510,24
24510160801,2021,Baltimore city,Maryland,43.0,,24510,24
24510160801,2022,Baltimore city,Maryland,34.0,,24510,24
24510160801,2023,Baltimore city,Maryland,34.0,,24510,24
24510160801,2024,Baltimore city,Maryland,32.0,,24510,24
24510260800,2020,Baltimore city,Maryland,48.0,,24510,24
24510260800,2021,Baltimore city,Maryland,38.0,,24510,24
24510260800,2022,Baltimore city,Maryland,42.0,,24510,24
24510260800,2023,Baltimore city,Maryland,44.0,,24510,24
24510260800,2024,Baltimore city,Maryland,46.0,,24510,24
24510100300,2020,Baltimore city,Maryland,,,24510,24
24510100300,2021,Baltimore city,Maryland,,,24510,24
24510100300,2022,Baltimore city,Maryland,,,24510,24
24510100300,2023,Baltimore city,Maryland,,,24510,24
24510100300,2024,Baltimore city,Maryland,,,24510,24
24510200500,2020,Baltimore city,Maryland,40.0,,24510,24
24510200500,2021,Baltimore city,Maryland,35.0,,24510,24
24510200500,2022,Baltimore city,Maryland,39.0,,24510,24
24510200500,2023,Baltimore city,Maryland,38.0,,24510,24
24510200500,2024,Baltimore city,Maryland,38.0,,24510,24
24510020300,2020,Baltimore city,Maryland,60.0,,24510,24
24510020300,2021,Baltimore city,Maryland,65.0,,24510,24
24510020300,2022,Baltimore city,Maryland,60.0,,24510,24
24510020300,2023,Baltimore city,Maryland,60.0,,24510,24
24510020300,2024,Baltimore city,Maryland,64.0,,24510,24
24510080500,2020,Baltimore city,Maryland,31.0,,24510,24
24510080500,2021,Baltimore city,Maryland,40.0,,24510,24
24510080500,2022,Baltimore city,Maryland,38.0,,24510,24
24510080500,2023,Baltimore city,Maryland,26.0,,24510,24
24510080500,2024,Baltimore city,Maryland,18.0,,24510,24
24510110200,2020,Baltimore city,Maryland,58.0,,24510,24
24510110200,2021,Baltimore city,Maryland,59.0,,24510,24
24510110200,2022,Baltimore city,Maryland,59.0,,24510,24
24510110200,2023,Baltimore city,Maryland,61.0,,24510,24
24510110200,2024,Baltimore city,Maryland,60.0,,24510,24
24510060200,2020,Baltimore city,Maryland,44.0,,24510,24
24510060200,2021,Baltimore city,Maryland,42.0,,24510,24
24510060200,2022,Baltimore city,Maryland,38.0,,24510,24
24510060200,2023,Baltimore city,Maryland,41.0,,24510,24
24510060200,2024,Baltimore city,Maryland,43.0,,24510,24
24510280401,2020,Baltimore city,Maryland,38.0,,24510,24
24510280401,2021,Baltimore city,Maryland,48.0,,24510,24
24510280401,2022,Baltimore city,Maryland,50.0,,24510,24
24510280401,2023,Baltimore city,Maryland,42.0,,24510,24
24510280401,2024,Baltimore city,Maryland,38.0,,24510,24
24510090100,2020,Baltimore city,Maryland,34.0,,24510,24
24510090100,2021,Baltimore city,Maryland,34.0,,24510,24
24510090100,2022,Baltimore city,Maryland,32.0,,24510,24
24510090100,2023,Baltimore city,Maryland,32.0,,24510,24
24510090100,2024,Baltimore city,Maryland,39.0,,24510,24
24510230200,2020,Baltimore city,Maryland,56.0,,24510,24
24510230200,2021,Baltimore city,Maryland,58.0,,24510,24
24510230200,2022,Baltimore city,Maryland,55.0,,24510,24
24510230200,2023,Baltimore city,Maryland,49.0,,24510,24
24510230200,2024,Baltimore city,Maryland,52.0,,24510,24
24510090200,2020,Baltimore city,Maryland,49.0,,24510,24
24510090200,2021,Baltimore city,Maryland,48.0,,24510,24
24510090200,2022,Baltimore city,Maryland,58.0,,24510,24
24510090200,2023,Baltimore city,Maryland,52.0,,24510,24
24510090200,2024,Baltimore city,Maryland,46.0,,24510,24
24510080102,2020,Baltimore city,Maryland,42.0,,24510,24
24510080102,2021,Baltimore city,Maryland,38.0,,24510,24
24510080102,2022,Baltimore city,Maryland,33.0,,24510,24
24510080102,2023,Baltimore city,Maryland,41.0,,24510,24
24510080102,2024,Baltimore city,Maryland,42.0,,24510,24
24510240300,2020,Baltimore city,Maryland,52.0,,24510,24
24510240300,2021,Baltimore city,Maryland,58.0,,24510,24
24510240300,2022,Baltimore city,Maryland,56.0,,24510,24
24510240300,2023,Baltimore city,Maryland,54.0,,24510,24
24510240300,2024,Baltimore city,Maryland,52.0,,24510,24
24510190300,2020,Baltimore city,Maryland,31.0,,24510,24
24510190300,2021,Baltimore city,Maryland,24.0,,24510,24
24510190300,2022,Baltimore city,Maryland,26.0,,24510,24
24510190300,2023,Baltimore city,Maryland,34.0,,24510,24
24510190300,2024,Baltimore city,Maryland,35.0,,24510,24
24510260101,2020,Baltimore city,Maryland,50.0,,24510,24
24510260101,2021,Baltimore city,Maryland,49.0,,24510,24
24510260101,2022,Baltimore city,Maryland,50.0,,24510,24
24510260101,2023,Baltimore city,Maryland,44.0,,24510,24
24510260101,2024,Baltimore city,Maryland,46.0,,24510,24
24510270901,2020,Baltimore city,Maryland,47.0,,24510,24
24510270901,2021,Baltimore city,Maryland,40.0,,24510,24
24510270901,2022,Baltimore city,Maryland,44.0,,24510,24
24510270901,2023,Baltimore city,Maryland,44.0,,24510,24
24510270901,2024,Baltimore city,Maryland,41.0,,24510,24
24510280302,2020,Baltimore city,Maryland,32.0,,24510,24
24510280302,2021,Baltimore city,Maryland,40.0,,24510,24
24510280302,2022,Baltimore city,Maryland,45.0,,24510,24
24510280302,2023,Baltimore city,Maryland,50.0,,24510,24
24510280302,2024,Baltimore city,Maryland,52.0,,24510,24
24510190200,2020,Baltimore city,Maryland,42.0,,24510,24
24510190200,2021,Baltimore city,Maryland,43.0,,24510,24
24510190200,2022,Baltimore city,Maryland,45.0,,24510,24
24510190200,2023,Baltimore city,Maryland,48.0,,24510,24
24510190200,2024,Baltimore city,Maryland,56.0,,24510,24
24510250402,2020,Baltimore city,Maryland,34.0,,24510,24
24510250402,2021,Baltimore city,Maryland,24.0,,24510,24
24510250402,2022,Baltimore city,Maryland,32.0,,24510,24
24510250402,2023,Baltimore city,Maryland,26.0,,24510,24
24510250402,2024,Baltimore city,Maryland,24.0,,24510,24
24510070100,2020,Baltimore city,Maryland,27.0,,24510,24
24510070100,2021,Baltimore city,Maryland,27.0,,24510,24
24510070100,2022,Baltimore city,Maryland,31.0,,24510,24
24510070100,2023,Baltimore city,Maryland,31.0,,24510,24
24510070100,2024,Baltimore city,Maryland,30.0,,24510,24
24510010500,2020,Baltimore city,Maryland,50.0,,24510,24
24510010500,2021,Baltimore city,Maryland,52.0,,24510,24
24510010500,2022,Baltimore city,Maryland,50.0,,24510,24
24510010500,2023,Baltimore city,Maryland,51.0,,24510,24
24510010500,2024,Baltimore city,Maryland,49.0,,24510,24
24510270804,2020,Baltimore city,Maryland,44.0,,24510,24
24510270804,2021,Baltimore city,Maryland,40.0,,24510,24
24510270804,2022,Baltimore city,Maryland,42.0,,24510,24
24510270804,2023,Baltimore city,Maryland,44.0,,24510,24
24510270804,2024,Baltimore city,Maryland,41.0,,24510,24
24510150200,2020,Baltimore city,Maryland,28.0,,24510,24
24510150200,2021,Baltimore city,Maryland,30.0,,24510,24
24510150200,2022,Baltimore city,Maryland,30.0,,24510,24
24510150200,2023,Baltimore city,Maryland,30.0,,24510,24
24510150200,2024,Baltimore city,Maryland,32.0,,24510,24
24510160300,2020,Baltimore city,Maryland,21.0,,24510,24
24510160300,2021,Baltimore city,Maryland,25.0,,24510,24
24510160300,2022,Baltimore city,Maryland,34.0,,24510,24
24510160300,2023,Baltimore city,Maryland,30.0,,24510,24
24510160300,2024,Baltimore city,Maryland,38.0,,24510,24
24510272006,2020,Baltimore city,Maryland,36.0,,24510,24
24510272006,2021,Baltimore city,Maryland,32.0,,24510,24
24510272006,2022,Baltimore city,Maryland,32.0,,24510,24
24510272006,2023,Baltimore city,Maryland,35.0,,24510,24
24510272006,2024,Baltimore city,Maryland,38.0,,24510,24
24510130803,2020,Baltimore city,Maryland,46.0,,24510,24
24510130803,2021,Baltimore city,Maryland,41.0,,24510,24
24510130803,2022,Baltimore city,Maryland,50.0,,24510,24
24510130803,2023,Baltimore city,Maryland,49.0,,24510,24
24510130803,2024,Baltimore city,Maryland,53.0,,24510,24
24510270401,2020,Baltimore city,Maryland,42.0,,24510,24
24510270401,2021,Baltimore city,Maryland,42.0,,24510,24
24510270401,2022,Baltimore city,Maryland,46.0,,24510,24
24510270401,2023,Baltimore city,Maryland,45.0,,24510,24
24510270401,2024,Baltimore city,Maryland,42.0,,24510,24
24510280200,2020,Baltimore city,Maryland,48.0,,24510,24
24510280200,2021,Baltimore city,Maryland,36.0,,24510,24
24510280200,2022,Baltimore city,Maryland,41.0,,24510,24
24510280200,2023,Baltimore city,Maryland,46.0,,24510,24
24510280200,2024,Baltimore city,Maryland,42.0,,24510,24
24510271801,2020,Baltimore city,Maryland,28.0,,24510,24
24510271801,2021,Baltimore city,Maryland,30.0,,24510,24
24510271801,2022,Baltimore city,Maryland,30.0,,24510,24
24510271801,2023,Baltimore city,Maryland,24.0,,24510,24
24510271801,2024,Baltimore city,Maryland,30.0,,24510,24
24510270801,2020,Baltimore city,Maryland,46.0,,24510,24
24510270801,2021,Baltimore city,Maryland,53.0,,24510,24
24510270801,2022,Baltimore city,Maryland,50.0,,24510,24
24510270801,2023,Baltimore city,Maryland,44.0,,24510,24
24510270801,2024,Baltimore city,Maryland,42.0,,24510,24
24510200702,2020,Baltimore city,Maryland,34.0,,24510,24
24510200702,2021,Baltimore city,Maryland,38.0,,24510,24
24510200702,2022,Baltimore city,Maryland,41.0,,24510,24
24510200702,2023,Baltimore city,Maryland,34.0,,24510,24
24510200702,2024,Baltimore city,Maryland,34.0,,24510,24
24510270803,2020,Baltimore city,Maryland,44.0,,24510,24
24510270803,2021,Baltimore city,Maryland,45.0,,24510,24
24510270803,2022,Baltimore city,Maryland,50.0,,24510,24
24510270803,2023,Baltimore city,Maryland,42.0,,24510,24
24510270803,2024,Baltimore city,Maryland,47.0,,24510,24
24510270301,2020,Baltimore city,Maryland,46.0,,24510,24
24510270301,2021,Baltimore city,Maryland,47.0,,24510,24
24510270301,2022,Baltimore city,Maryland,50.0,,24510,24
24510270301,2023,Baltimore city,Maryland,48.0,,24510,24
24510270301,2024,Baltimore city,Maryland,54.0,,24510,24
24510200600,2020,Baltimore city,Maryland,32.0,,24510,24
24510200600,2021,Baltimore city,Maryland,32.0,,24510,24
24510200600,2022,Baltimore city,Maryland,34.0,,24510,24
24510200600,2023,Baltimore city,Maryland,36.0,,24510,24
24510200600,2024,Baltimore city,Maryland,41.0,,24510,24
24510151200,2020,Baltimore city,Maryland,31.0,,24510,24
24510151200,2021,Baltimore city,Maryland,27.0,,24510,24
24510151200,2022,Baltimore city,Maryland,27.0,,24510,24
24510151200,2023,Baltimore city,Maryland,31.0,,24510,24
24510151200,2024,Baltimore city,Maryland,34.0,,24510,24
24510270501,2020,Baltimore city,Maryland,48.0,,24510,24
24510270501,2021,Baltimore city,Maryland,51.0,,24510,24
24510270501,2022,Baltimore city,Maryland,54.0,,24510,24
24510270501,2023,Baltimore city,Maryland,50.0,,24510,24
24510270501,2024,Baltimore city,Maryland,50.0,,24510,24
24510272003,2020,Baltimore city,Maryland,48.0,,24510,24
24510272003,2021,Baltimore city,Maryland,40.0,,24510,24
24510272003,2022,Baltimore city,Maryland,39.0,,24510,24
24510272003,2023,Baltimore city,Maryland,48.0,,24510,24
24510272003,2024,Baltimore city,Maryland,45.0,,24510,24
24510060300,2020,Baltimore city,Maryland,41.0,,24510,24
24510060300,2021,Baltimore city,Maryland,48.0,,24510,24
24510060300,2022,Baltimore city,Maryland,41.0,,24510,24
24510060300,2023,Baltimore city,Maryland,47.0,,24510,24
24510060300,2024,Baltimore city,Maryland,56.0,,24510,24
24510280102,2020,Baltimore city,Maryland,52.0,,24510,24
24510280102,2021,Baltimore city,Maryland,42.0,,24510,24
24510280102,2022,Baltimore city,Maryland,41.0,,24510,24
24510280102,2023,Baltimore city,Maryland,50.0,,24510,24
24510280102,2024,Baltimore city,Maryland,48.0,,24510,24
24510020200,2020,Baltimore city,Maryland,50.0,,24510,24
24510020200,2021,Baltimore city,Maryland,52.0,,24510,24
24510020200,2022,Baltimore city,Maryland,52.0,,24510,24
24510020200,2023,Baltimore city,Maryland,44.0,,24510,24
24510020200,2024,Baltimore city,Maryland,48.0,,24510,24
24510271200,2020,Baltimore city,Maryland,56.0,,24510,24
24510271200,2021,Baltimore city,Maryland,58.0,,24510,24
24510271200,2022,Baltimore city,Maryland,56.0,,24510,24
24510271200,2023,Baltimore city,Maryland,60.0,,24510,24
24510271200,2024,Baltimore city,Maryland,59.0,,24510,24
24510010200,2020,Baltimore city,Maryland,52.0,,24510,24
24510010200,2021,Baltimore city,Maryland,54.0,,24510,24
24510010200,2022,Baltimore city,Maryland,54.0,,24510,24
24510010200,2023,Baltimore city,Maryland,54.0,,24510,24
24510010200,2024,Baltimore city,Maryland,52.0,,24510,24
24510170300,2020,Baltimore city,Maryland,40.0,,24510,24
24510170300,2021,Baltimore city,Maryland,36.0,,24510,24
24510170300,2022,Baltimore city,Maryland,20.0,,24510,24
24510170300,2023,Baltimore city,Maryland,28.0,,24510,24
24510170300,2024,Baltimore city,Maryland,24.0,,24510,24
24510090400,2020,Baltimore city,Maryland,30.0,,24510,24
24510090400,2021,Baltimore city,Maryland,33.0,,24510,24
24510090400,2022,Baltimore city,Maryland,30.0,,24510,24
24510090400,2023,Baltimore city,Maryland,30.0,,24510,24
24510090400,2024,Baltimore city,Maryland,32.0,,24510,24
24510060100,2020,Baltimore city,Maryland,37.0,,24510,24
24510060100,2021,Baltimore city,Maryland,34.0,,24510,24
24510060100,2022,Baltimore city,Maryland,34.0,,24510,24
24510060100,2023,Baltimore city,Maryland,39.0,,24510,24
24510060100,2024,Baltimore city,Maryland,41.0,,24510,24
24510010300,2020,Baltimore city,Maryland,61.0,,24510,24
24510010300,2021,Baltimore city,Maryland,58.0,,24510,24
24510010300,2022,Baltimore city,Maryland,52.0,,24510,24
24510010300,2023,Baltimore city,Maryland,57.0,,24510,24
24510010300,2024,Baltimore city,Maryland,58.0,,24510,24
24510080101,2020,Baltimore city,Maryland,46.0,,24510,24
24510080101,2021,Baltimore city,Maryland,48.0,,24510,24
24510080101,2022,Baltimore city,Maryland,50.0,,24510,24
24510080101,2023,Baltimore city,Maryland,50.0,,24510,24
24510080101,2024,Baltimore city,Maryland,48.0,,24510,24
24510271400,2020,Baltimore city,Maryland,50.0,,24510,24
24510271400,2021,Baltimore city,Maryland,62.0,,24510,24
24510271400,2022,Baltimore city,Maryland,60.0,,24510,24
24510271400,2023,Baltimore city,Maryland,58.0,,24510,24
24510271400,2024,Baltimore city,Maryland,56.0,,24510,24
24510260402,2020,Baltimore city,Maryland,48.0,,24510,24
24510260402,2021,Baltimore city,Maryland,48.0,,24510,24
24510260402,2022,Baltimore city,Maryland,47.0,,24510,24
24510260402,2023,Baltimore city,Maryland,44.0,,24510,24
24510260402,2024,Baltimore city,Maryland,42.0,,24510,24
24510200701,2020,Baltimore city,Maryland,35.0,,24510,24
24510200701,2021,Baltimore city,Maryland,33.0,,24510,24
24510200701,2022,Baltimore city,Maryland,35.0,,24510,24
24510200701,2023,Baltimore city,Maryland,39.0,,24510,24
24510200701,2024,Baltimore city,Maryland,38.0,,24510,24
24510271101,2020,Baltimore city,Maryland,41.0,,24510,24
24510271101,2021,Baltimore city,Maryland,40.0,,24510,24
24510271101,2022,Baltimore city,Maryland,34.0,,24510,24
24510271101,2023,Baltimore city,Maryland,34.0,,24510,24
24510271101,2024,Baltimore city,Maryland,36.0,,24510,24
24510120400,2020,Baltimore city,Maryland,42.0,,24510,24
24510120400,2021,Baltimore city,Maryland,39.0,,24510,24
24510120400,2022,Baltimore city,Maryland,44.0,,24510,24
24510120400,2023,Baltimore city,Maryland,42.0,,24510,24
24510120400,2024,Baltimore city,Maryland,40.0,,24510,24
24510270502,2020,Baltimore city,Maryland,54.0,,24510,24
24510270502,2021,Baltimore city,Maryland,52.0,,24510,24
24510270502,2022,Baltimore city,Maryland,49.0,,24510,24
24510270502,2023,Baltimore city,Maryland,42.0,,24510,24
24510270502,2024,Baltimore city,Maryland,42.0,,24510,24
24510270802,2020,Baltimore city,Maryland,33.0,,24510,24
24510270802,2021,Baltimore city,Maryland,41.0,,24510,24
24510270802,2022,Baltimore city,Maryland,44.0,,24510,24
24510270802,2023,Baltimore city,Maryland,50.0,,24510,24
24510270802,2024,Baltimore city,Maryland,49.0,,24510,24
24510260303,2020,Baltimore city,Maryland,38.0,,24510,24
24510260303,2021,Baltimore city,Maryland,49.0,,24510,24
24510260303,2022,Baltimore city,Maryland,51.0,,24510,24
24510260303,2023,Baltimore city,Maryland,48.0,,24510,24
24510260303,2024,Baltimore city,Maryland,50.0,,24510,24
24510270302,2020,Baltimore city,Maryland,48.0,,24510,24
24510270302,2021,Baltimore city,Maryland,41.0,,24510,24
24510270302,2022,Baltimore city,Maryland,39.0,,24510,24
24510270302,2023,Baltimore city,Maryland,36.0,,24510,24
24510270302,2024,Baltimore city,Maryland,39.0,,24510,24
24510260102,2020,Baltimore city,Maryland,42.0,,24510,24
24510260102,2021,Baltimore city,Maryland,44.0,,24510,24
24510260102,2022,Baltimore city,Maryland,43.0,,24510,24
24510260102,2023,Baltimore city,Maryland,40.0,,24510,24
24510260102,2024,Baltimore city,Maryland,47.0,,24510,24
24510080302,2020,Baltimore city,Maryland,38.0,,24510,24
24510080302,2021,Baltimore city,Maryland,34.0,,24510,24
24510080302,2022,Baltimore city,Maryland,26.0,,24510,24
24510080302,2023,Baltimore city,Maryland,28.0,,24510,24
24510080302,2024,Baltimore city,Maryland,28.0,,24510,24
24510271001,2020,Baltimore city,Maryland,25.0,,24510,24
24510271001,2021,Baltimore city,Maryland,30.0,,24510,24
24510271001,2022,Baltimore city,Maryland,32.0,,24510,24
24510271001,2023,Baltimore city,Maryland,36.0,,24510,24
24510271001,2024,Baltimore city,Maryland,30.0,,24510,24
24510272005,2020,Baltimore city,Maryland,45.0,,24510,24
24510272005,2021,Baltimore city,Maryland,45.0,,24510,24
24510272005,2022,Baltimore city,Maryland,48.0,,24510,24
24510272005,2023,Baltimore city,Maryland,48.0,,24510,24
24510272005,2024,Baltimore city,Maryland,50.0,,24510,24
24510260203,2020,Baltimore city,Maryland,44.0,,24510,24
24510260203,2021,Baltimore city,Maryland,34.0,,24510,24
24510260203,2022,Baltimore city,Maryland,37.0,,24510,24
24510260203,2023,Baltimore city,Maryland,40.0,,24510,24
24510260203,2024,Baltimore city,Maryland,40.0,,24510,24
24510120300,2020,Baltimore city,Maryland,48.0,,24510,24
24510120300,2021,Baltimore city,Maryland,48.0,,24510,24
24510120300,2022,Baltimore city,Maryland,50.0,,24510,24
24510120300,2023,Baltimore city,Maryland,42.0,,24510,24
24510120300,2024,Baltimore city,Maryland,44.0,,24510,24
24510070200,2020,Baltimore city,Maryland,36.0,,24510,24
24510070200,2021,Baltimore city,Maryland,40.0,,24510,24
24510070200,2022,Baltimore city,Maryland,31.0,,24510,24
24510070200,2023,Baltimore city,Maryland,32.0,,24510,24
24510070200,2024,Baltimore city,Maryland,35.0,,24510,24
24510270702,2020,Baltimore city,Maryland,41.0,,24510,24
24510270702,2021,Baltimore city,Maryland,42.0,,24510,24
24510270702,2022,Baltimore city,Maryland,50.0,,24510,24
24510270702,2023,Baltimore city,Maryland,52.0,,24510,24
24510270702,2024,Baltimore city,Maryland,54.0,,24510,24
24510270805,2020,Baltimore city,Maryland,48.0,,24510,24
24510270805,2021,Baltimore city,Maryland,42.0,,24510,24
24510270805,2022,Baltimore city,Maryland,54.0,,24510,24
24510270805,2023,Baltimore city,Maryland,51.0,,24510,24
24510270805,2024,Baltimore city,Maryland,54.0,,24510,24
24510250206,2020,Baltimore city,Maryland,52.0,,24510,24
24510250206,2021,Baltimore city,Maryland,54.0,,24510,24
24510250206,2022,Baltimore city,Maryland,48.0,,24510,24
24510250206,2023,Baltimore city,Maryland,52.0,,24510,24
24510250206,2024,Baltimore city,Maryland,55.0,,24510,24
24510020100,2020,Baltimore city,Maryland,51.0,,24510,24
24510020100,2021,Baltimore city,Maryland,54.0,,24510,24
24510020100,2022,Baltimore city,Maryland,54.0,,24510,24
24510020100,2023,Baltimore city,Maryland,59.0,,24510,24
24510020100,2024,Baltimore city,Maryland,58.0,,24510,24
24510120500,2020,Baltimore city,Maryland,50.0,Yes,24510,24
24510120500,2021,Baltimore city,Maryland,56.0,Yes,24510,24
24510120500,2022,Baltimore city,Maryland,56.0,Yes,24510,24
24510120500,2023,Baltimore city,Maryland,52.0,Yes,24510,24
24510120500,2024,Baltimore city,Maryland,52.0,Yes,24510,24
24510200800,2020,Baltimore city,Maryland,39.0,,24510,24
24510200800,2021,Baltimore city,Maryland,37.0,,24510,24
24510200800,2022,Baltimore city,Maryland,41.0,,24510,24
24510200800,2023,Baltimore city,Maryland,34.0,,24510,24
24510200800,2024,Baltimore city,Maryland,40.0,,24510,24
24510271002,2020,Baltimore city,Maryland,31.0,,24510,24
24510271002,2021,Baltimore city,Maryland,36.0,,24510,24
24510271002,2022,Baltimore city,Maryland,34.0,,24510,24
24510271002,2023,Baltimore city,Maryland,36.0,,24510,24
24510271002,2024,Baltimore city,Maryland,36.0,,24510,24
24510010400,2020,Baltimore city,Maryland,60.0,,24510,24
24510010400,2021,Baltimore city,Maryland,57.0,,24510,24
24510010400,2022,Baltimore city,Maryland,62.0,,24510,24
24510010400,2023,Baltimore city,Maryland,56.0,,24510,24
24510010400,2024,Baltimore city,Maryland,58.0,,24510,24
24510070300,2020,Baltimore city,Maryland,40.0,,24510,24
24510070300,2021,Baltimore city,Maryland,40.0,,24510,24
24510070300,2022,Baltimore city,Maryland,40.0,,24510,24
24510070300,2023,Baltimore city,Maryland,44.0,,24510,24
24510070300,2024,Baltimore city,Maryland,47.0,,24510,24
24510271600,2020,Baltimore city,Maryland,32.0,Yes,24510,24
24510271600,2021,Baltimore city,Maryland,30.0,Yes,24510,24
24510271600,2022,Baltimore city,Maryland,29.0,Yes,24510,24
24510271600,2023,Baltimore city,Maryland,37.0,Yes,24510,24
24510271600,2024,Baltimore city,Maryland,42.0,Yes,24510,24
24510140300,2020,Baltimore city,Maryland,38.0,Yes,24510,24
24510140300,2021,Baltimore city,Maryland,38.0,Yes,24510,24
24510140300,2022,Baltimore city,Maryland,40.0,Yes,24510,24
24510140300,2023,Baltimore city,Maryland,38.0,Yes,24510,24
24510140300,2024,Baltimore city,Maryland,38.0,Yes,24510,24
24510150600,2020,Baltimore city,Maryland,41.0,Yes,24510,24
24510150600,2021,Baltimore city,Maryland,38.0,Yes,24510,24
24510150600,2022,Baltimore city,Maryland,36.0,Yes,24510,24
24510150600,2023,Baltimore city,Maryland,32.0,Yes,24510,24
24510150600,2024,Baltimore city,Maryland,37.0,Yes,24510,24
24510280500,2020,Baltimore city,Maryland,34.0,Yes,24510,24
24510280500,2021,Baltimore city,Maryland,49.0,Yes,24510,24
24510280500,2022,Baltimore city,Maryland,38.0,Yes,24510,24
24510280500,2023,Baltimore city,Maryland,36.0,Yes,24510,24
24510280500,2024,Baltimore city,Maryland,32.0,Yes,24510,24
24510180300,2020,Baltimore city,Maryland,40.0,Yes,24510,24
24510180300,2021,Baltimore city,Maryland,44.0,Yes,24510,24
24510180300,2022,Baltimore city,Maryland,42.0,Yes,24510,24
24510180300,2023,Baltimore city,Maryland,42.0,Yes,24510,24
24510180300,2024,Baltimore city,Maryland,42.0,Yes,24510,24
24510200100,2020,Baltimore city,Maryland,30.0,Yes,24510,24
24510200100,2021,Baltimore city,Maryland,28.0,Yes,24510,24
24510200100,2022,Baltimore city,Maryland,34.0,Yes,24510,24
24510200100,2023,Baltimore city,Maryland,36.0,Yes,24510,24
24510200100,2024,Baltimore city,Maryland,33.0,Yes,24510,24
24510150100,2020,Baltimore city,Maryland,32.0,Yes,24510,24
24510150100,2021,Baltimore city,Maryland,32.0,Yes,24510,24
24510150100,2022,Baltimore city,Maryland,35.0,Yes,24510,24
24510150100,2023,Baltimore city,Maryland,38.0,Yes,24510,24
24510150100,2024,Baltimore city,Maryland,34.0,Yes,24510,24
24510210100,2020,Baltimore city,Maryland,50.0,Yes,24510,24
24510210100,2021,Baltimore city,Maryland,68.0,Yes,24510,24
24510210100,2022,Baltimore city,Maryland,64.0,Yes,24510,24
24510210100,2023,Baltimore city,Maryland,58.0,Yes,24510,24
24510210100,2024,Baltimore city,Maryland,58.0,Yes,24510,24
24510250401,2020,Baltimore city,Maryland,32.0,Yes,24510,24
24510250401,2021,Baltimore city,Maryland,34.0,Yes,24510,24
24510250401,2022,Baltimore city,Maryland,37.0,Yes,24510,24
24510250401,2023,Baltimore city,Maryland,40.0,Yes,24510,24
24510250401,2024,Baltimore city,Maryland,42.0,Yes,24510,24
24510160500,2020,Baltimore city,Maryland,30.0,Yes,24510,24
24510160500,2021,Baltimore city,Maryland,28.0,Yes,24510,24
24510160500,2022,Baltimore city,Maryland,26.0,Yes,24510,24
24510160500,2023,Baltimore city,Maryland,33.0,Yes,24510,24
24510160500,2024,Baltimore city,Maryland,38.0,Yes,24510,24
24510150900,2020,Baltimore city,Maryland,42.0,,24510,24
24510150900,2021,Baltimore city,Maryland,38.0,,24510,24
24510150900,2022,Baltimore city,Maryland,33.0,,24510,24
24510150900,2023,Baltimore city,Maryland,38.0,,24510,24
24510150900,2024,Baltimore city,Maryland,36.0,,24510,24
24510260605,2020,Baltimore city,Maryland,44.0,Yes,24510,24
24510260605,2021,Baltimore city,Maryland,47.0,Yes,24510,24
24510260605,2022,Baltimore city,Maryland,47.0,Yes,24510,24
24510260605,2023,Baltimore city,Maryland,47.0,Yes,24510,24
24510260605,2024,Baltimore city,Maryland,48.0,Yes,24510,24
24510080800,2020,Baltimore city,Maryland,44.0,Yes,24510,24
24510080800,2021,Baltimore city,Maryland,46.0,Yes,24510,24
24510080800,2022,Baltimore city,Maryland,44.0,Yes,24510,24
24510080800,2023,Baltimore city,Maryland,46.0,Yes,24510,24
24510080800,2024,Baltimore city,Maryland,44.0,Yes,24510,24
24510200200,2020,Baltimore city,Maryland,44.0,Yes,24510,24
24510200200,2021,Baltimore city,Maryland,30.0,Yes,24510,24
24510200200,2022,Baltimore city,Maryland,35.0,Yes,24510,24
24510200200,2023,Baltimore city,Maryland,34.0,Yes,24510,24
24510200200,2024,Baltimore city,Maryland,34.0,Yes,24510,24
24510230300,2020,Baltimore city,Maryland,61.0,Yes,24510,24
24510230300,2021,Baltimore city,Maryland,62.0,Yes,24510,24
24510230300,2022,Baltimore city,Maryland,58.0,Yes,24510,24
24510230300,2023,Baltimore city,Maryland,60.0,Yes,24510,24
24510230300,2024,Baltimore city,Maryland,60.0,Yes,24510,24
24510170200,2020,Baltimore city,Maryland,22.0,Yes,24510,24
24510170200,2021,Baltimore city,Maryland,30.0,Yes,24510,24
24510170200,2022,Baltimore city,Maryland,32.0,Yes,24510,24
24510170200,2023,Baltimore city,Maryland,32.0,Yes,24510,24
24510170200,2024,Baltimore city,Maryland,38.0,Yes,24510,24
24510250203,2020,Baltimore city,Maryland,37.0,Yes,24510,24
24510250203,2021,Baltimore city,Maryland,34.0,Yes,24510,24
24510250203,2022,Baltimore city,Maryland,36.0,Yes,24510,24
24510250203,2023,Baltimore city,Maryland,34.0,Yes,24510,24
24510250203,2024,Baltimore city,Maryland,35.0,Yes,24510,24
24510130200,2020,Baltimore city,Maryland,42.0,Yes,24510,24
24510130200,2021,Baltimore city,Maryland,53.0,Yes,24510,24
24510130200,2022,Baltimore city,Maryland,50.0,Yes,24510,24
24510130200,2023,Baltimore city,Maryland,46.0,Yes,24510,24
24510130200,2024,Baltimore city,Maryland,44.0,Yes,24510,24
24510250207,2020,Baltimore city,Maryland,30.0,Yes,24510,24
24510250207,2021,Baltimore city,Maryland,34.0,Yes,24510,24
24510250207,2022,Baltimore city,Maryland,30.0,Yes,24510,24
24510250207,2023,Baltimore city,Maryland,29.0,Yes,24510,24
24510250207,2024,Baltimore city,Maryland,34.0,Yes,24510,24
24510090800,2020,Baltimore city,Maryland,24.0,Yes,24510,24
24510090800,2021,Baltimore city,Maryland,34.0,Yes,24510,24
24510090800,2022,Baltimore city,Maryland,28.0,Yes,24510,24
24510090800,2023,Baltimore city,Maryland,25.0,Yes,24510,24
24510090800,2024,Baltimore city,Maryland,30.0,Yes,24510,24
24510250500,2020,Baltimore city,Maryland,44.0,Yes,24510,24
24510250500,2021,Baltimore city,Maryland,43.0,Yes,24510,24
24510250500,2022,Baltimore city,Maryland,48.0,Yes,24510,24
24510250500,2023,Baltimore city,Maryland,,Yes,24510,24
24510250500,2024,Baltimore city,Maryland,,Yes,24510,24
24510030100,2020,Baltimore city,Maryland,32.0,Yes,24510,24
24510030100,2021,Baltimore city,Maryland,36.0,Yes,24510,24
24510030100,2022,Baltimore city,Maryland,38.0,Yes,24510,24
24510030100,2023,Baltimore city,Maryland,40.0,Yes,24510,24
24510030100,2024,Baltimore city,Maryland,39.0,Yes,24510,24
24510130300,2020,Baltimore city,Maryland,38.0,Yes,24510,24
24510130300,2021,Baltimore city,Maryland,36.0,Yes,24510,24
24510130300,2022,Baltimore city,Maryland,38.0,Yes,24510,24
24510130300,2023,Baltimore city,Maryland,34.0,Yes,24510,24
24510130300,2024,Baltimore city,Maryland,34.0,Yes,24510,24
24510140200,2020,Baltimore city,Maryland,37.0,Yes,24510,24
24510140200,2021,Baltimore city,Maryland,36.0,Yes,24510,24
24510140200,2022,Baltimore city,Maryland,32.0,Yes,24510,24
24510140200,2023,Baltimore city,Maryland,35.0,Yes,24510,24
24510140200,2024,Baltimore city,Maryland,30.0,Yes,24510,24
24510150500,2020,Baltimore city,Maryland,38.0,Yes,24510,24
24510150500,2021,Baltimore city,Maryland,38.0,Yes,24510,24
24510150500,2022,Baltimore city,Maryland,42.0,Yes,24510,24
24510150500,2023,Baltimore city,Maryland,40.0,Yes,24510,24
24510150500,2024,Baltimore city,Maryland,42.0,Yes,24510,24
24510260404,2020,Baltimore city,Maryland,36.0,Yes,24510,24
24510260404,2021,Baltimore city,Maryland,47.0,Yes,24510,24
24510260404,2022,Baltimore city,Maryland,38.0,Yes,24510,24
24510260404,2023,Baltimore city,Maryland,36.0,Yes,24510,24
24510260404,2024,Baltimore city,Maryland,33.0,Yes,24510,24
24510250204,2020,Baltimore city,Maryland,38.0,Yes,24510,24
24510250204,2021,Baltimore city,Maryland,26.0,Yes,24510,24
24510250204,2022,Baltimore city,Maryland,38.0,Yes,24510,24
24510250204,2023,Baltimore city,Maryland,32.0,Yes,24510,24
24510250204,2024,Baltimore city,Maryland,36.0,Yes,24510,24
24510070400,2020,Baltimore city,Maryland,36.0,Yes,24510,24
24510070400,2021,Baltimore city,Maryland,26.0,Yes,24510,24
24510070400,2022,Baltimore city,Maryland,36.0,Yes,24510,24
24510070400,2023,Baltimore city,Maryland,34.0,Yes,24510,24
24510070400,2024,Baltimore city,Maryland,36.0,Yes,24510,24
24510260700,2020,Baltimore city,Maryland,52.0,Yes,24510,24
24510260700,2021,Baltimore city,Maryland,58.0,Yes,24510,24
24510260700,2022,Baltimore city,Maryland,55.0,Yes,24510,24
24510260700,2023,Baltimore city,Maryland,49.0,Yes,24510,24
24510260700,2024,Baltimore city,Maryland,46.0,Yes,24510,24
24510080200,2020,Baltimore city,Maryland,34.0,Yes,24510,24
24510080200,2021,Baltimore city,Maryland,30.0,Yes,24510,24
24510080200,2022,Baltimore city,Maryland,38.0,Yes,24510,24
24510080200,2023,Baltimore city,Maryland,33.0,Yes,24510,24
24510080200,2024,Baltimore city,Maryland,38.0,Yes,24510,24
24510080700,2020,Baltimore city,Maryland,40.0,Yes,24510,24
24510080700,2021,Baltimore city,Maryland,44.0,Yes,24510,24
24510080700,2022,Baltimore city,Maryland,42.0,Yes,24510,24
24510080700,2023,Baltimore city,Maryland,38.0,Yes,24510,24
24510080700,2024,Baltimore city,Maryland,38.0,Yes,24510,24
24510260501,2020,Baltimore city,Maryland,40.0,Yes,24510,24
24510260501,2021,Baltimore city,Maryland,45.0,Yes,24510,24
24510260501,2022,Baltimore city,Maryland,44.0,Yes,24510,24
24510260501,2023,Baltimore city,Maryland,36.0,Yes,24510,24
24510260501,2024,Baltimore city,Maryland,42.0,Yes,24510,24
24510040100,2020,Baltimore city,Maryland,60.0,Yes,24510,24
24510040100,2021,Baltimore city,Maryland,66.0,Yes,24510,24
24510040100,2022,Baltimore city,Maryland,67.0,Yes,24510,24
24510040100,2023,Baltimore city,Maryland,56.0,Yes,24510,24
24510040100,2024,Baltimore city,Maryland,59.0,Yes,24510,24
24510100100,2020,Baltimore city,Maryland,25.0,Yes,24510,24
24510100100,2021,Baltimore city,Maryland,28.0,Yes,24510,24
24510100100,2022,Baltimore city,Maryland,29.0,Yes,24510,24
24510100100,2023,Baltimore city,Maryland,36.0,Yes,24510,24
24510100100,2024,Baltimore city,Maryland,36.0,Yes,24510,24
24510250205,2020,Baltimore city,Maryland,44.0,Yes,24510,24
24510250205,2021,Baltimore city,Maryland,42.0,Yes,24510,24
24510250205,2022,Baltimore city,Maryland,40.0,Yes,24510,24
24510250205,2023,Baltimore city,Maryland,39.0,Yes,24510,24
24510250205,2024,Baltimore city,Maryland,34.0,Yes,24510,24
24510240200,2020,Baltimore city,Maryland,56.0,,24510,24
24510240200,2021,Baltimore city,Maryland,54.0,,24510,24
24510240200,2022,Baltimore city,Maryland,54.0,,24510,24
24510240200,2023,Baltimore city,Maryland,52.0,,24510,24
24510240200,2024,Baltimore city,Maryland,47.0,,24510,24
24510250301,2020,Baltimore city,Maryland,39.0,Yes,24510,24
24510250301,2021,Baltimore city,Maryland,33.0,Yes,24510,24
24510250301,2022,Baltimore city,Maryland,39.0,Yes,24510,24
24510250301,2023,Baltimore city,Maryland,32.0,Yes,24510,24
24510250301,2024,Baltimore city,Maryland,37.0,Yes,24510,24
24510160400,2020,Baltimore city,Maryland,32.0,Yes,24510,24
24510160400,2021,Baltimore city,Maryland,22.0,Yes,24510,24
24510160400,2022,Baltimore city,Maryland,26.0,Yes,24510,24
24510160400,2023,Baltimore city,Maryland,24.0,Yes,24510,24
24510160400,2024,Baltimore city,Maryland,24.0,Yes,24510,24
24510271700,2020,Baltimore city,Maryland,30.0,Yes,24510,24
24510271700,2021,Baltimore city,Maryland,40.0,Yes,24510,24
24510271700,2022,Baltimore city,Maryland,41.0,Yes,24510,24
24510271700,2023,Baltimore city,Maryland,37.0,Yes,24510,24
24510271700,2024,Baltimore city,Maryland,47.0,Yes,24510,24
24510180100,2020,Baltimore city,Maryland,38.0,Yes,24510,24
24510180100,2021,Baltimore city,Maryland,35.0,Yes,24510,24
24510180100,2022,Baltimore city,Maryland,35.0,Yes,24510,24
24510180100,2023,Baltimore city,Maryland,50.0,Yes,24510,24
24510180100,2024,Baltimore city,Maryland,48.0,Yes,24510,24
24510150400,2020,Baltimore city,Maryland,32.0,Yes,24510,24
24510150400,2021,Baltimore city,Maryland,34.0,Yes,24510,24
24510150400,2022,Baltimore city,Maryland,40.0,Yes,24510,24
24510150400,2023,Baltimore city,Maryland,38.0,Yes,24510,24
24510150400,2024,Baltimore city,Maryland,40.0,Yes,24510,24
24510270903,2020,Baltimore city,Maryland,38.0,Yes,24510,24
24510270903,2021,Baltimore city,Maryland,40.0,Yes,24510,24
24510270903,2022,Baltimore city,Maryland,42.0,Yes,24510,24
24510270903,2023,Baltimore city,Maryland,48.0,Yes,24510,24
24510270903,2024,Baltimore city,Maryland,51.0,Yes,24510,24
24510080400,2020,Baltimore city,Maryland,42.0,Yes,24510,24
24510080400,2021,Baltimore city,Maryland,41.0,Yes,24510,24
24510080400,2022,Baltimore city,Maryland,32.0,Yes,24510,24
24510080400,2023,Baltimore city,Maryland,36.0,Yes,24510,24
24510080400,2024,Baltimore city,Maryland,40.0,Yes,24510,24
24510030200,2020,Baltimore city,Maryland,49.0,,24510,24
24510030200,2021,Baltimore city,Maryland,59.0,,24510,24
24510030200,2022,Baltimore city,Maryland,64.0,,24510,24
24510030200,2023,Baltimore city,Maryland,68.0,,24510,24
24510030200,2024,Baltimore city,Maryland,71.0,,24510,24
24510160100,2020,Baltimore city,Maryland,38.0,,24510,24
24510160100,2021,Baltimore city,Maryland,32.0,,24510,24
24510160100,2022,Baltimore city,Maryland,32.0,,24510,24
24510160100,2023,Baltimore city,Maryland,35.0,,24510,24
24510160100,2024,Baltimore city,Maryland,32.0,,24510,24
24510190100,2020,Baltimore city,Maryland,38.0,,24510,24
24510190100,2021,Baltimore city,Maryland,38.0,,24510,24
24510190100,2022,Baltimore city,Maryland,36.0,,24510,24
24510190100,2023,Baltimore city,Maryland,37.0,,24510,24
24510190100,2024,Baltimore city,Maryland,35.0,,24510,24
24510250101,2020,Baltimore city,Maryland,50.0,,24510,24
24510250101,2021,Baltimore city,Maryland,46.0,,24510,24
24510250101,2022,Baltimore city,Maryland,47.0,,24510,24
24510250101,2023,Baltimore city,Maryland,36.0,,24510,24
24510250101,2024,Baltimore city,Maryland,36.0,,24510,24
24510240400,2020,Baltimore city,Maryland,56.0,,24510,24
24510240400,2021,Baltimore city,Maryland,57.0,,24510,24
24510240400,2022,Baltimore city,Maryland,59.0,,24510,24
24510240400,2023,Baltimore city,Maryland,65.0,,24510,24
24510240400,2024,Baltimore city,Maryland,66.0,,24510,24
24510160200,2020,Baltimore city,Maryland,26.0,,24510,24
24510160200,2021,Baltimore city,Maryland,19.0,,24510,24
24510160200,2022,Baltimore city,Maryland,20.0,,24510,24
24510160200,2023,Baltimore city,Maryland,24.0,,24510,24
24510160200,2024,Baltimore city,Maryland,23.0,,24510,24
24510150300,2020,Baltimore city,Maryland,34.0,,24510,24
24510150300,2021,Baltimore city,Maryland,22.0,,24510,24
24510150300,2022,Baltimore city,Maryland,21.0,,24510,24
24510150300,2023,Baltimore city,Maryland,20.0,,24510,24
24510150300,2024,Baltimore city,Maryland,28.0,,24510,24
24510280402,2020,Baltimore city,Maryland,30.0,,24510,24
24510280402,2021,Baltimore city,Maryland,28.0,,24510,24
24510280402,2022,Baltimore city,Maryland,32.0,,24510,24
24510280402,2023,Baltimore city,Maryland,34.0,,24510,24
24510280402,2024,Baltimore city,Maryland,36.0,,24510,24
24510130804,2020,Baltimore city,Maryland,54.0,,24510,24
24510130804,2021,Baltimore city,Maryland,54.0,,24510,24
24510130804,2022,Baltimore city,Maryland,49.0,,24510,24
24510130804,2023,Baltimore city,Maryland,50.0,,24510,24
24510130804,2024,Baltimore city,Maryland,52.0,,24510,24
24510260301,2020,Baltimore city,Maryland,34.0,,24510,24
24510260301,2021,Baltimore city,Maryland,38.0,,24510,24
24510260301,2022,Baltimore city,Maryland,36.0,,24510,24
24510260301,2023,Baltimore city,Maryland,36.0,,24510,24
24510260301,2024,Baltimore city,Maryland,38.0,,24510,24
24510130600,2020,Baltimore city,Maryland,65.0,,24510,24
24510130600,2021,Baltimore city,Maryland,67.0,,24510,24
24510130600,2022,Baltimore city,Maryland,68.0,,24510,24
24510130600,2023,Baltimore city,Maryland,62.0,,24510,24
24510130600,2024,Baltimore city,Maryland,66.0,,24510,24
24510151100,2020,Baltimore city,Maryland,40.0,,24510,24
24510151100,2021,Baltimore city,Maryland,53.0,,24510,24
24510151100,2022,Baltimore city,Maryland,52.0,,24510,24
24510151100,2023,Baltimore city,Maryland,44.0,,24510,24
24510151100,2024,Baltimore city,Maryland,40.0,,24510,24
24510160802,2020,Baltimore city,Maryland,34.0,,24510,24
24510160802,2021,Baltimore city,Maryland,24.0,,24510,24
24510160802,2022,Baltimore city,Maryland,32.0,,24510,24
24510160802,2023,Baltimore city,Maryland,38.0,,24510,24
24510160802,2024,Baltimore city,Maryland,34.0,,24510,24
24510271802,2020,Baltimore city,Maryland,32.0,,24510,24
24510271802,2021,Baltimore city,Maryland,28.0,,24510,24
24510271802,2022,Baltimore city,Maryland,29.0,,24510,24
24510271802,2023,Baltimore city,Maryland,32.0,,24510,24
24510271802,2024,Baltimore city,Maryland,44.0,,24510,24
24510260201,2020,Baltimore city,Maryland,44.0,,24510,24
24510260201,2021,Baltimore city,Maryland,51.0,,24510,24
24510260201,2022,Baltimore city,Maryland,50.0,,24510,24
24510260201,2023,Baltimore city,Maryland,49.0,,24510,24
24510260201,2024,Baltimore city,Maryland,52.0,,24510,24
24510150702,2020,Baltimore city,Maryland,26.0,,24510,24
24510150702,2021,Baltimore city,Maryland,43.0,,24510,24
24510150702,2022,Baltimore city,Maryland,38.0,,24510,24
24510150702,2023,Baltimore city,Maryland,34.0,,24510,24
24510150702,2024,Baltimore city,Maryland,35.0,,24510,24
24510270101,2020,Baltimore city,Maryland,43.0,,24510,24
24510270101,2021,Baltimore city,Maryland,40.0,,24510,24
24510270101,2022,Baltimore city,Maryland,49.0,,24510,24
24510270101,2023,Baltimore city,Maryland,51.0,,24510,24
24510270101,2024,Baltimore city,Maryland,54.0,,24510,24
24510040200,2020,Baltimore city,Maryland,32.0,,24510,24
24510040200,2021,Baltimore city,Maryland,46.0,,24510,24
24510040200,2022,Baltimore city,Maryland,49.0,,24510,24
24510040200,2023,Baltimore city,Maryland,44.0,,24510,24
24510040200,2024,Baltimore city,Maryland,46.0,,24510,24
24510271503,2020,Baltimore city,Maryland,39.0,,24510,24
24510271503,2021,Baltimore city,Maryland,53.0,,24510,24
24510271503,2022,Baltimore city,Maryland,49.0,,24510,24
24510271503,2023,Baltimore city,Maryland,51.0,,24510,24
24510271503,2024,Baltimore city,Maryland,51.0,,24510,24
