N/A,META,,,,,SUMMARY,,
N/A,Is an Opportunity Zone,Census Tract FIPS code,County,State,Year,Inclusive Growth Score,Growth,Inclusion
,,,,,,,,
0,N/A,24510150800,Baltimore city,Maryland,2020,36,43,29
1,N/A,24510150800,Baltimore city,Maryland,2021,40,48,31
2,N/A,24510150800,Baltimore city,Maryland,2022,34,36,33
3,N/A,24510150800,Baltimore city,Maryland,2023,38,42,33
4,N/A,24510150800,Baltimore city,Maryland,2024,38,40,36
5,N/A,24510250103,Baltimore city,Maryland,2020,48,45,51
6,N/A,24510250103,Baltimore city,Maryland,2021,44,43,46
7,N/A,24510250103,Baltimore city,Maryland,2022,43,43,43
8,N/A,24510250103,Baltimore city,Maryland,2023,40,40,40
9,N/A,24510250103,Baltimore city,Maryland,2024,42,42,41
10,N/A,24510220100,Baltimore city,Maryland,2020,59,52,66
11,N/A,24510220100,Baltimore city,Maryland,2021,68,72,65
12,N/A,24510220100,Baltimore city,Maryland,2022,64,63,65
13,N/A,24510220100,Baltimore city,Maryland,2023,62,59,65
14,N/A,24510220100,Baltimore city,Maryland,2024,61,56,66
15,N/A,24005403500,Baltimore County,Maryland,2020,58,58,59
16,N/A,24005403500,Baltimore County,Maryland,2021,47,45,49
17,N/A,24005403500,Baltimore County,Maryland,2022,44,47,42
18,N/A,24005403500,Baltimore County,Maryland,2023,47,51,43
19,N/A,24005403500,Baltimore County,Maryland,2024,48,60,37
20,N/A,24510250102,Baltimore city,Maryland,2020,34,31,36
21,N/A,24510250102,Baltimore city,Maryland,2021,40,33,47
22,N/A,24510250102,Baltimore city,Maryland,2022,37,40,34
23,N/A,24510250102,Baltimore city,Maryland,2023,41,45,37
24,N/A,24510250102,Baltimore city,Maryland,2024,37,34,40
25,N/A,24510110100,Baltimore city,Maryland,2020,45,35,55
26,N/A,24510110100,Baltimore city,Maryland,2021,44,39,48
27,N/A,24510110100,Baltimore city,Maryland,2022,45,48,42
28,N/A,24510110100,Baltimore city,Maryland,2023,44,43,44
29,N/A,24510110100,Baltimore city,Maryland,2024,43,42,44
30,N/A,24510250600,Baltimore city,Maryland,2020,N/A,34,52
31,N/A,24510250600,Baltimore city,Maryland,2021,N/A,76,52
32,N/A,24510250600,Baltimore city,Maryland,2022,N/A,68,40
33,N/A,24510250600,Baltimore city,Maryland,2023,N/A,60,40
34,N/A,24510250600,Baltimore city,Maryland,2024,N/A,45,44
35,N/A,24510260401,Baltimore city,Maryland,2020,38,44,32
36,N/A,24510260401,Baltimore city,Maryland,2021,40,42,38
37,N/A,24510260401,Baltimore city,Maryland,2022,34,40,27
38,N/A,24510260401,Baltimore city,Maryland,2023,32,32,33
39,N/A,24510260401,Baltimore city,Maryland,2024,38,43,32
40,N/A,24510160700,Baltimore city,Maryland,2020,32,37,27
41,N/A,24510160700,Baltimore city,Maryland,2021,38,51,25
42,N/A,24510160700,Baltimore city,Maryland,2022,29,33,25
43,N/A,24510160700,Baltimore city,Maryland,2023,32,42,21
44,N/A,24510160700,Baltimore city,Maryland,2024,32,38,27
45,N/A,24510060400,Baltimore city,Maryland,2020,50,56,45
46,N/A,24510060400,Baltimore city,Maryland,2021,40,41,40
47,N/A,24510060400,Baltimore city,Maryland,2022,35,32,38
48,N/A,24510060400,Baltimore city,Maryland,2023,48,56,39
49,N/A,24510060400,Baltimore city,Maryland,2024,45,42,48
50,N/A,24510080301,Baltimore city,Maryland,2020,26,34,17
51,N/A,24510080301,Baltimore city,Maryland,2021,33,47,19
52,N/A,24510080301,Baltimore city,Maryland,2022,31,47,15
53,N/A,24510080301,Baltimore city,Maryland,2023,24,31,18
54,N/A,24510080301,Baltimore city,Maryland,2024,30,38,23
55,N/A,24510260604,Baltimore city,Maryland,2020,42,57,27
56,N/A,24510260604,Baltimore city,Maryland,2021,36,42,29
57,N/A,24510260604,Baltimore city,Maryland,2022,24,25,22
58,N/A,24510260604,Baltimore city,Maryland,2023,30,33,27
59,N/A,24510260604,Baltimore city,Maryland,2024,30,33,28
60,N/A,24510272004,Baltimore city,Maryland,2020,36,34,39
61,N/A,24510272004,Baltimore city,Maryland,2021,38,33,42
62,N/A,24510272004,Baltimore city,Maryland,2022,36,31,41
63,N/A,24510272004,Baltimore city,Maryland,2023,50,55,45
64,N/A,24510272004,Baltimore city,Maryland,2024,52,52,52
65,N/A,24005430101,Baltimore County,Maryland,2020,48,57,38
66,N/A,24005430101,Baltimore County,Maryland,2021,46,52,40
67,N/A,24005430101,Baltimore County,Maryland,2022,45,48,42
68,N/A,24005430101,Baltimore County,Maryland,2023,46,55,38
69,N/A,24005430101,Baltimore County,Maryland,2024,50,61,38
70,N/A,24005400702,Baltimore County,Maryland,2020,54,47,62
71,N/A,24005400702,Baltimore County,Maryland,2021,51,45,57
72,N/A,24005400702,Baltimore County,Maryland,2022,50,45,55
73,N/A,24005400702,Baltimore County,Maryland,2023,50,46,54
74,N/A,24005400702,Baltimore County,Maryland,2024,50,43,58
75,N/A,24510210200,Baltimore city,Maryland,2020,48,61,35
76,N/A,24510210200,Baltimore city,Maryland,2021,47,54,40
77,N/A,24510210200,Baltimore city,Maryland,2022,55,58,52
78,N/A,24510210200,Baltimore city,Maryland,2023,48,49,47
79,N/A,24510210200,Baltimore city,Maryland,2024,54,58,50
80,N/A,24510150701,Baltimore city,Maryland,2020,44,50,37
81,N/A,24510150701,Baltimore city,Maryland,2021,48,54,42
82,N/A,24510150701,Baltimore city,Maryland,2022,49,53,45
83,N/A,24510150701,Baltimore city,Maryland,2023,46,52,41
84,N/A,24510150701,Baltimore city,Maryland,2024,45,50,40
85,N/A,24510270902,Baltimore city,Maryland,2020,40,41,38
86,N/A,24510270902,Baltimore city,Maryland,2021,38,45,31
87,N/A,24510270902,Baltimore city,Maryland,2022,41,45,37
88,N/A,24510270902,Baltimore city,Maryland,2023,39,46,32
89,N/A,24510270902,Baltimore city,Maryland,2024,30,26,33
90,N/A,24510130805,Baltimore city,Maryland,2020,34,30,38
91,N/A,24510130805,Baltimore city,Maryland,2021,34,35,34
92,N/A,24510130805,Baltimore city,Maryland,2022,36,35,36
93,N/A,24510130805,Baltimore city,Maryland,2023,40,46,33
94,N/A,24510130805,Baltimore city,Maryland,2024,35,36,34
95,N/A,24005490500,Baltimore County,Maryland,2020,67,60,74
96,N/A,24005490500,Baltimore County,Maryland,2021,62,55,70
97,N/A,24005490500,Baltimore County,Maryland,2022,66,60,71
98,N/A,24005490500,Baltimore County,Maryland,2023,59,47,71
99,N/A,24005490500,Baltimore County,Maryland,2024,56,46,65
100,N/A,24510090900,Baltimore city,Maryland,2020,36,38,35
101,N/A,24510090900,Baltimore city,Maryland,2021,35,36,34
102,N/A,24510090900,Baltimore city,Maryland,2022,32,26,38
103,N/A,24510090900,Baltimore city,Maryland,2023,38,38,39
104,N/A,24510090900,Baltimore city,Maryland,2024,35,28,42
105,N/A,24005420800,Baltimore County,Maryland,2020,42,38,45
106,N/A,24005420800,Baltimore County,Maryland,2021,38,36,41
107,N/A,24005420800,Baltimore County,Maryland,2022,44,46,43
108,N/A,24005420800,Baltimore County,Maryland,2023,48,50,45
109,N/A,24005420800,Baltimore County,Maryland,2024,48,55,42
110,N/A,24510130100,Baltimore city,Maryland,2020,39,43,35
111,N/A,24510130100,Baltimore city,Maryland,2021,36,40,32
112,N/A,24510130100,Baltimore city,Maryland,2022,34,37,30
113,N/A,24510130100,Baltimore city,Maryland,2023,35,41,29
114,N/A,24510130100,Baltimore city,Maryland,2024,41,53,29
115,N/A,24510270402,Baltimore city,Maryland,2020,48,46,50
116,N/A,24510270402,Baltimore city,Maryland,2021,48,50,46
117,N/A,24510270402,Baltimore city,Maryland,2022,46,43,48
118,N/A,24510270402,Baltimore city,Maryland,2023,47,46,48
119,N/A,24510270402,Baltimore city,Maryland,2024,47,46,48
120,N/A,24510151000,Baltimore city,Maryland,2020,32,41,24
121,N/A,24510151000,Baltimore city,Maryland,2021,38,51,24
122,N/A,24510151000,Baltimore city,Maryland,2022,36,52,21
123,N/A,24510151000,Baltimore city,Maryland,2023,34,47,21
124,N/A,24510151000,Baltimore city,Maryland,2024,34,44,25
125,N/A,24005402403,Baltimore County,Maryland,2020,39,37,41
126,N/A,24005402403,Baltimore County,Maryland,2021,38,36,41
127,N/A,24005402403,Baltimore County,Maryland,2022,44,45,42
128,N/A,24005402403,Baltimore County,Maryland,2023,42,46,39
129,N/A,24005402403,Baltimore County,Maryland,2024,41,44,38
130,N/A,24510261100,Baltimore city,Maryland,2020,54,47,62
131,N/A,24510261100,Baltimore city,Maryland,2021,43,34,52
132,N/A,24510261100,Baltimore city,Maryland,2022,50,46,55
133,N/A,24510261100,Baltimore city,Maryland,2023,54,44,64
134,N/A,24510261100,Baltimore city,Maryland,2024,50,42,58
135,N/A,24510272007,Baltimore city,Maryland,2020,32,31,33
136,N/A,24510272007,Baltimore city,Maryland,2021,37,39,35
137,N/A,24510272007,Baltimore city,Maryland,2022,38,43,34
138,N/A,24510272007,Baltimore city,Maryland,2023,36,37,35
139,N/A,24510272007,Baltimore city,Maryland,2024,37,37,37
140,N/A,24005491100,Baltimore County,Maryland,2020,56,49,63
141,N/A,24005491100,Baltimore County,Maryland,2021,50,37,63
142,N/A,24005491100,Baltimore County,Maryland,2022,55,46,64
143,N/A,24005491100,Baltimore County,Maryland,2023,54,45,62
144,N/A,24005491100,Baltimore County,Maryland,2024,58,47,68
145,N/A,24510130700,Baltimore city,Maryland,2020,56,55,57
146,N/A,24510130700,Baltimore city,Maryland,2021,56,55,58
147,N/A,24510130700,Baltimore city,Maryland,2022,60,56,63
148,N/A,24510130700,Baltimore city,Maryland,2023,54,47,60
149,N/A,24510130700,Baltimore city,Maryland,2024,57,53,61
150,N/A,24510260302,Baltimore city,Maryland,2020,34,41,27
151,N/A,24510260302,Baltimore city,Maryland,2021,40,42,39
152,N/A,24510260302,Baltimore city,Maryland,2022,44,50,37
153,N/A,24510260302,Baltimore city,Maryland,2023,43,42,44
154,N/A,24510260302,Baltimore city,Maryland,2024,44,40,47
155,N/A,24510261000,Baltimore city,Maryland,2020,42,48,36
156,N/A,24510261000,Baltimore city,Maryland,2021,38,37,40
157,N/A,24510261000,Baltimore city,Maryland,2022,36,35,37
158,N/A,24510261000,Baltimore city,Maryland,2023,44,42,46
159,N/A,24510261000,Baltimore city,Maryland,2024,50,49,52
160,N/A,24510270600,Baltimore city,Maryland,2020,54,52,57
161,N/A,24510270600,Baltimore city,Maryland,2021,51,43,59
162,N/A,24510270600,Baltimore city,Maryland,2022,49,44,54
163,N/A,24510270600,Baltimore city,Maryland,2023,49,41,57
164,N/A,24510270600,Baltimore city,Maryland,2024,51,49,53
165,N/A,24510280403,Baltimore city,Maryland,2020,46,53,38
166,N/A,24510280403,Baltimore city,Maryland,2021,37,39,35
167,N/A,24510280403,Baltimore city,Maryland,2022,37,41,33
168,N/A,24510280403,Baltimore city,Maryland,2023,36,38,34
169,N/A,24510280403,Baltimore city,Maryland,2024,30,27,34
170,N/A,24510170100,Baltimore city,Maryland,2020,38,41,35
171,N/A,24510170100,Baltimore city,Maryland,2021,40,38,43
172,N/A,24510170100,Baltimore city,Maryland,2022,39,37,41
173,N/A,24510170100,Baltimore city,Maryland,2023,41,36,46
174,N/A,24510170100,Baltimore city,Maryland,2024,42,34,49
175,N/A,24510240100,Baltimore city,Maryland,2020,70,68,72
176,N/A,24510240100,Baltimore city,Maryland,2021,64,56,72
177,N/A,24510240100,Baltimore city,Maryland,2022,66,61,72
178,N/A,24510240100,Baltimore city,Maryland,2023,65,62,68
179,N/A,24510240100,Baltimore city,Maryland,2024,62,61,63
180,N/A,24510260202,Baltimore city,Maryland,2020,38,41,35
181,N/A,24510260202,Baltimore city,Maryland,2021,34,30,37
182,N/A,24510260202,Baltimore city,Maryland,2022,40,45,36
183,N/A,24510260202,Baltimore city,Maryland,2023,44,46,41
184,N/A,24510260202,Baltimore city,Maryland,2024,46,45,46
185,N/A,24510250303,Baltimore city,Maryland,2020,30,26,34
186,N/A,24510250303,Baltimore city,Maryland,2021,36,38,34
187,N/A,24510250303,Baltimore city,Maryland,2022,30,27,34
188,N/A,24510250303,Baltimore city,Maryland,2023,24,19,30
189,N/A,24510250303,Baltimore city,Maryland,2024,29,28,30
190,N/A,24510271501,Baltimore city,Maryland,2020,60,47,73
191,N/A,24510271501,Baltimore city,Maryland,2021,60,50,69
192,N/A,24510271501,Baltimore city,Maryland,2022,60,56,63
193,N/A,24510271501,Baltimore city,Maryland,2023,58,51,65
194,N/A,24510271501,Baltimore city,Maryland,2024,64,63,66
195,N/A,24005401200,Baltimore County,Maryland,2020,54,50,58
196,N/A,24005401200,Baltimore County,Maryland,2021,53,60,46
197,N/A,24005401200,Baltimore County,Maryland,2022,44,45,44
198,N/A,24005401200,Baltimore County,Maryland,2023,46,42,50
199,N/A,24005401200,Baltimore County,Maryland,2024,43,37,49
200,N/A,24510200400,Baltimore city,Maryland,2020,32,32,31
201,N/A,24510200400,Baltimore city,Maryland,2021,28,33,24
202,N/A,24510200400,Baltimore city,Maryland,2022,29,33,25
203,N/A,24510200400,Baltimore city,Maryland,2023,26,26,26
204,N/A,24510200400,Baltimore city,Maryland,2024,32,35,30
205,N/A,24510270703,Baltimore city,Maryland,2020,49,48,50
206,N/A,24510270703,Baltimore city,Maryland,2021,56,60,53
207,N/A,24510270703,Baltimore city,Maryland,2022,61,65,57
208,N/A,24510270703,Baltimore city,Maryland,2023,52,48,56
209,N/A,24510270703,Baltimore city,Maryland,2024,53,45,61
210,N/A,24510270102,Baltimore city,Maryland,2020,40,44,37
211,N/A,24510270102,Baltimore city,Maryland,2021,34,37,31
212,N/A,24510270102,Baltimore city,Maryland,2022,38,42,35
213,N/A,24510270102,Baltimore city,Maryland,2023,42,44,40
214,N/A,24510270102,Baltimore city,Maryland,2024,40,40,41
215,N/A,24510010100,Baltimore city,Maryland,2020,56,47,66
216,N/A,24510010100,Baltimore city,Maryland,2021,62,59,66
217,N/A,24510010100,Baltimore city,Maryland,2022,61,49,73
218,N/A,24510010100,Baltimore city,Maryland,2023,60,51,69
219,N/A,24510010100,Baltimore city,Maryland,2024,60,50,70
220,N/A,24510270200,Baltimore city,Maryland,2020,49,46,52
221,N/A,24510270200,Baltimore city,Maryland,2021,53,46,60
222,N/A,24510270200,Baltimore city,Maryland,2022,58,55,61
223,N/A,24510270200,Baltimore city,Maryland,2023,52,45,60
224,N/A,24510270200,Baltimore city,Maryland,2024,53,48,58
225,N/A,24510151300,Baltimore city,Maryland,2020,36,37,34
226,N/A,24510151300,Baltimore city,Maryland,2021,36,35,38
227,N/A,24510151300,Baltimore city,Maryland,2022,47,54,40
228,N/A,24510151300,Baltimore city,Maryland,2023,47,52,42
229,N/A,24510151300,Baltimore city,Maryland,2024,48,51,46
230,N/A,24510140100,Baltimore city,Maryland,2020,41,36,46
231,N/A,24510140100,Baltimore city,Maryland,2021,42,35,48
232,N/A,24510140100,Baltimore city,Maryland,2022,42,40,44
233,N/A,24510140100,Baltimore city,Maryland,2023,42,39,44
234,N/A,24510140100,Baltimore city,Maryland,2024,46,43,50
235,N/A,24005430900,Baltimore County,Maryland,2020,41,34,48
236,N/A,24005430900,Baltimore County,Maryland,2021,37,34,40
237,N/A,24005430900,Baltimore County,Maryland,2022,42,42,41
238,N/A,24005430900,Baltimore County,Maryland,2023,54,61,46
239,N/A,24005430900,Baltimore County,Maryland,2024,53,59,47
240,N/A,24005440200,Baltimore County,Maryland,2020,48,42,55
241,N/A,24005440200,Baltimore County,Maryland,2021,43,41,45
242,N/A,24005440200,Baltimore County,Maryland,2022,42,46,38
243,N/A,24005440200,Baltimore County,Maryland,2023,43,50,36
244,N/A,24005440200,Baltimore County,Maryland,2024,42,50,35
245,N/A,24510271300,Baltimore city,Maryland,2020,62,53,72
246,N/A,24510271300,Baltimore city,Maryland,2021,59,46,72
247,N/A,24510271300,Baltimore city,Maryland,2022,62,53,71
248,N/A,24510271300,Baltimore city,Maryland,2023,57,43,71
249,N/A,24510271300,Baltimore city,Maryland,2024,59,44,74
250,N/A,24510230100,Baltimore city,Maryland,2020,40,34,46
251,N/A,24510230100,Baltimore city,Maryland,2021,58,61,56
252,N/A,24510230100,Baltimore city,Maryland,2022,58,62,53
253,N/A,24510230100,Baltimore city,Maryland,2023,52,53,52
254,N/A,24510230100,Baltimore city,Maryland,2024,60,64,57
255,N/A,24510160600,Baltimore city,Maryland,2020,34,40,28
256,N/A,24510160600,Baltimore city,Maryland,2021,28,28,28
257,N/A,24510160600,Baltimore city,Maryland,2022,30,32,29
258,N/A,24510160600,Baltimore city,Maryland,2023,28,30,25
259,N/A,24510160600,Baltimore city,Maryland,2024,27,26,28
260,N/A,24510271900,Baltimore city,Maryland,2020,35,34,36
261,N/A,24510271900,Baltimore city,Maryland,2021,37,41,33
262,N/A,24510271900,Baltimore city,Maryland,2022,40,47,32
263,N/A,24510271900,Baltimore city,Maryland,2023,36,37,34
264,N/A,24510271900,Baltimore city,Maryland,2024,42,51,34
265,N/A,24510120201,Baltimore city,Maryland,2020,62,60,63
266,N/A,24510120201,Baltimore city,Maryland,2021,52,45,59
267,N/A,24510120201,Baltimore city,Maryland,2022,50,46,55
268,N/A,24510120201,Baltimore city,Maryland,2023,42,27,58
269,N/A,24510120201,Baltimore city,Maryland,2024,50,38,61
270,N/A,24005441000,Baltimore County,Maryland,2020,50,50,50
271,N/A,24005441000,Baltimore County,Maryland,2021,52,53,52
272,N/A,24005441000,Baltimore County,Maryland,2022,42,41,42
273,N/A,24005441000,Baltimore County,Maryland,2023,39,31,47
274,N/A,24005441000,Baltimore County,Maryland,2024,46,43,49
275,N/A,24510130400,Baltimore city,Maryland,2020,26,26,27
276,N/A,24510130400,Baltimore city,Maryland,2021,32,40,23
277,N/A,24510130400,Baltimore city,Maryland,2022,32,41,23
278,N/A,24510130400,Baltimore city,Maryland,2023,33,40,26
279,N/A,24510130400,Baltimore city,Maryland,2024,26,25,26
280,N/A,24510120202,Baltimore city,Maryland,2020,49,46,52
281,N/A,24510120202,Baltimore city,Maryland,2021,40,30,50
282,N/A,24510120202,Baltimore city,Maryland,2022,44,37,51
283,N/A,24510120202,Baltimore city,Maryland,2023,38,34,41
284,N/A,24510120202,Baltimore city,Maryland,2024,33,27,39
285,N/A,24510090300,Baltimore city,Maryland,2020,44,48,40
286,N/A,24510090300,Baltimore city,Maryland,2021,38,26,51
287,N/A,24510090300,Baltimore city,Maryland,2022,43,39,47
288,N/A,24510090300,Baltimore city,Maryland,2023,44,42,46
289,N/A,24510090300,Baltimore city,Maryland,2024,41,41,41
290,N/A,24003730100,Anne Arundel County,Maryland,2020,70,65,75
291,N/A,24003730100,Anne Arundel County,Maryland,2021,70,71,70
292,N/A,24003730100,Anne Arundel County,Maryland,2022,62,53,71
293,N/A,24003730100,Anne Arundel County,Maryland,2023,58,42,75
294,N/A,24003730100,Anne Arundel County,Maryland,2024,60,47,73
295,N/A,24510200300,Baltimore city,Maryland,2020,34,31,36
296,N/A,24510200300,Baltimore city,Maryland,2021,22,14,30
297,N/A,24510200300,Baltimore city,Maryland,2022,25,24,26
298,N/A,24510200300,Baltimore city,Maryland,2023,36,48,23
299,N/A,24510200300,Baltimore city,Maryland,2024,38,49,27
300,N/A,24510100200,Baltimore city,Maryland,2020,34,33,36
301,N/A,24510100200,Baltimore city,Maryland,2021,30,21,39
302,N/A,24510100200,Baltimore city,Maryland,2022,34,30,38
303,N/A,24510100200,Baltimore city,Maryland,2023,34,35,34
304,N/A,24510100200,Baltimore city,Maryland,2024,32,28,36
305,N/A,24510090700,Baltimore city,Maryland,2020,30,28,31
306,N/A,24510090700,Baltimore city,Maryland,2021,27,32,22
307,N/A,24510090700,Baltimore city,Maryland,2022,20,17,24
308,N/A,24510090700,Baltimore city,Maryland,2023,29,38,20
309,N/A,24510090700,Baltimore city,Maryland,2024,22,22,23
310,N/A,24510180200,Baltimore city,Maryland,2020,32,43,22
311,N/A,24510180200,Baltimore city,Maryland,2021,38,44,33
312,N/A,24510180200,Baltimore city,Maryland,2022,35,37,33
313,N/A,24510180200,Baltimore city,Maryland,2023,34,37,32
314,N/A,24510180200,Baltimore city,Maryland,2024,34,34,34
315,N/A,24510120700,Baltimore city,Maryland,2020,52,40,65
316,N/A,24510120700,Baltimore city,Maryland,2021,57,53,61
317,N/A,24510120700,Baltimore city,Maryland,2022,52,48,56
318,N/A,24510120700,Baltimore city,Maryland,2023,50,42,58
319,N/A,24510120700,Baltimore city,Maryland,2024,49,38,60
320,N/A,24510080600,Baltimore city,Maryland,2020,34,40,27
321,N/A,24510080600,Baltimore city,Maryland,2021,20,9,30
322,N/A,24510080600,Baltimore city,Maryland,2022,28,27,30
323,N/A,24510080600,Baltimore city,Maryland,2023,24,20,27
324,N/A,24510080600,Baltimore city,Maryland,2024,24,19,29
325,N/A,24005421000,Baltimore County,Maryland,2020,34,39,30
326,N/A,24005421000,Baltimore County,Maryland,2021,36,34,38
327,N/A,24005421000,Baltimore County,Maryland,2022,38,48,29
328,N/A,24005421000,Baltimore County,Maryland,2023,37,48,26
329,N/A,24005421000,Baltimore County,Maryland,2024,38,54,22
330,N/A,24510280301,Baltimore city,Maryland,2020,39,40,38
331,N/A,24510280301,Baltimore city,Maryland,2021,44,50,38
332,N/A,24510280301,Baltimore city,Maryland,2022,44,47,42
333,N/A,24510280301,Baltimore city,Maryland,2023,42,44,41
334,N/A,24510280301,Baltimore city,Maryland,2024,42,39,45
335,N/A,24005400100,Baltimore County,Maryland,2020,45,57,33
336,N/A,24005400100,Baltimore County,Maryland,2021,38,46,31
337,N/A,24005400100,Baltimore County,Maryland,2022,39,44,34
338,N/A,24005400100,Baltimore County,Maryland,2023,40,46,33
339,N/A,24005400100,Baltimore County,Maryland,2024,45,49,41
340,N/A,24510090600,Baltimore city,Maryland,2020,32,40,25
341,N/A,24510090600,Baltimore city,Maryland,2021,24,24,23
342,N/A,24510090600,Baltimore city,Maryland,2022,26,28,24
343,N/A,24510090600,Baltimore city,Maryland,2023,32,35,28
344,N/A,24510090600,Baltimore city,Maryland,2024,31,25,37
345,N/A,24510270701,Baltimore city,Maryland,2020,36,38,34
346,N/A,24510270701,Baltimore city,Maryland,2021,40,40,40
347,N/A,24510270701,Baltimore city,Maryland,2022,44,36,51
348,N/A,24510270701,Baltimore city,Maryland,2023,38,22,55
349,N/A,24510270701,Baltimore city,Maryland,2024,44,18,69
350,N/A,24005440400,Baltimore County,Maryland,2020,45,34,56
351,N/A,24005440400,Baltimore County,Maryland,2021,49,44,54
352,N/A,24005440400,Baltimore County,Maryland,2022,50,52,48
353,N/A,24005440400,Baltimore County,Maryland,2023,52,56,49
354,N/A,24005440400,Baltimore County,Maryland,2024,52,49,56
355,N/A,24510260403,Baltimore city,Maryland,2020,34,29,40
356,N/A,24510260403,Baltimore city,Maryland,2021,40,35,46
357,N/A,24510260403,Baltimore city,Maryland,2022,45,40,50
358,N/A,24510260403,Baltimore city,Maryland,2023,45,32,58
359,N/A,24510260403,Baltimore city,Maryland,2024,44,31,56
360,N/A,24510130806,Baltimore city,Maryland,2020,55,44,66
361,N/A,24510130806,Baltimore city,Maryland,2021,64,68,60
362,N/A,24510130806,Baltimore city,Maryland,2022,55,54,56
363,N/A,24510130806,Baltimore city,Maryland,2023,52,46,59
364,N/A,24510130806,Baltimore city,Maryland,2024,54,49,59
365,N/A,24510090500,Baltimore city,Maryland,2020,38,40,37
366,N/A,24510090500,Baltimore city,Maryland,2021,34,35,33
367,N/A,24510090500,Baltimore city,Maryland,2022,38,38,37
368,N/A,24510090500,Baltimore city,Maryland,2023,34,32,37
369,N/A,24510090500,Baltimore city,Maryland,2024,38,35,41
370,N/A,24510280404,Baltimore city,Maryland,2020,36,39,33
371,N/A,24510280404,Baltimore city,Maryland,2021,36,34,37
372,N/A,24510280404,Baltimore city,Maryland,2022,41,47,35
373,N/A,24510280404,Baltimore city,Maryland,2023,26,17,35
374,N/A,24510280404,Baltimore city,Maryland,2024,27,18,36
375,N/A,24005430104,Baltimore County,Maryland,2020,55,46,64
376,N/A,24005430104,Baltimore County,Maryland,2021,40,34,47
377,N/A,24005430104,Baltimore County,Maryland,2022,49,47,51
378,N/A,24005430104,Baltimore County,Maryland,2023,48,49,47
379,N/A,24005430104,Baltimore County,Maryland,2024,48,45,50
380,N/A,24510120600,Baltimore city,Maryland,2020,41,44,38
381,N/A,24510120600,Baltimore city,Maryland,2021,52,61,44
382,N/A,24510120600,Baltimore city,Maryland,2022,48,52,43
383,N/A,24510120600,Baltimore city,Maryland,2023,46,52,40
384,N/A,24510120600,Baltimore city,Maryland,2024,47,52,42
385,N/A,24510260900,Baltimore city,Maryland,2020,62,57,66
386,N/A,24510260900,Baltimore city,Maryland,2021,64,57,70
387,N/A,24510260900,Baltimore city,Maryland,2022,64,63,66
388,N/A,24510260900,Baltimore city,Maryland,2023,62,52,71
389,N/A,24510260900,Baltimore city,Maryland,2024,64,57,70
390,N/A,24005450100,Baltimore County,Maryland,2020,49,49,49
391,N/A,24005450100,Baltimore County,Maryland,2021,56,56,56
392,N/A,24005450100,Baltimore County,Maryland,2022,56,56,55
393,N/A,24005450100,Baltimore County,Maryland,2023,48,40,56
394,N/A,24005450100,Baltimore County,Maryland,2024,52,50,54
395,N/A,24510120100,Baltimore city,Maryland,2020,50,39,60
396,N/A,24510120100,Baltimore city,Maryland,2021,52,41,62
397,N/A,24510120100,Baltimore city,Maryland,2022,59,53,65
398,N/A,24510120100,Baltimore city,Maryland,2023,62,54,69
399,N/A,24510120100,Baltimore city,Maryland,2024,62,51,72
400,N/A,24510271102,Baltimore city,Maryland,2020,42,32,51
401,N/A,24510271102,Baltimore city,Maryland,2021,52,46,58
402,N/A,24510271102,Baltimore city,Maryland,2022,52,49,56
403,N/A,24510271102,Baltimore city,Maryland,2023,46,47,45
404,N/A,24510271102,Baltimore city,Maryland,2024,44,46,43
405,N/A,24510280101,Baltimore city,Maryland,2020,38,34,42
406,N/A,24510280101,Baltimore city,Maryland,2021,40,39,42
407,N/A,24510280101,Baltimore city,Maryland,2022,39,37,41
408,N/A,24510280101,Baltimore city,Maryland,2023,42,44,39
409,N/A,24510280101,Baltimore city,Maryland,2024,42,45,40
410,N/A,24005403601,Baltimore County,Maryland,2020,53,46,60
411,N/A,24005403601,Baltimore County,Maryland,2021,50,42,57
412,N/A,24005403601,Baltimore County,Maryland,2022,54,48,59
413,N/A,24005403601,Baltimore County,Maryland,2023,56,54,58
414,N/A,24005403601,Baltimore County,Maryland,2024,50,43,57
415,N/A,24510160801,Baltimore city,Maryland,2020,39,49,29
416,N/A,24510160801,Baltimore city,Maryland,2021,43,51,35
417,N/A,24510160801,Baltimore city,Maryland,2022,34,40,29
418,N/A,24510160801,Baltimore city,Maryland,2023,34,43,26
419,N/A,24510160801,Baltimore city,Maryland,2024,32,35,28
420,N/A,24510260800,Baltimore city,Maryland,2020,48,52,44
421,N/A,24510260800,Baltimore city,Maryland,2021,38,34,42
422,N/A,24510260800,Baltimore city,Maryland,2022,42,46,38
423,N/A,24510260800,Baltimore city,Maryland,2023,44,46,41
424,N/A,24510260800,Baltimore city,Maryland,2024,46,54,39
425,N/A,24510100300,Baltimore city,Maryland,2020,N/A,36,38
426,N/A,24510100300,Baltimore city,Maryland,2021,N/A,57,44
427,N/A,24510100300,Baltimore city,Maryland,2022,N/A,16,48
428,N/A,24510100300,Baltimore city,Maryland,2023,N/A,37,50
429,N/A,24510100300,Baltimore city,Maryland,2024,N/A,36,68
430,N/A,24005490603,Baltimore County,Maryland,2020,56,51,61
431,N/A,24005490603,Baltimore County,Maryland,2021,52,45,58
432,N/A,24005490603,Baltimore County,Maryland,2022,51,43,59
433,N/A,24005490603,Baltimore County,Maryland,2023,52,45,58
434,N/A,24005490603,Baltimore County,Maryland,2024,57,50,64
435,N/A,24510200500,Baltimore city,Maryland,2020,40,42,38
436,N/A,24510200500,Baltimore city,Maryland,2021,35,31,39
437,N/A,24510200500,Baltimore city,Maryland,2022,39,37,41
438,N/A,24510200500,Baltimore city,Maryland,2023,38,38,39
439,N/A,24510200500,Baltimore city,Maryland,2024,38,36,41
440,N/A,24005491300,Baltimore County,Maryland,2020,48,51,44
441,N/A,24005491300,Baltimore County,Maryland,2021,50,47,54
442,N/A,24005491300,Baltimore County,Maryland,2022,46,47,44
443,N/A,24005491300,Baltimore County,Maryland,2023,44,40,47
444,N/A,24005491300,Baltimore County,Maryland,2024,46,39,52
445,N/A,24510020300,Baltimore city,Maryland,2020,60,48,73
446,N/A,24510020300,Baltimore city,Maryland,2021,65,62,68
447,N/A,24510020300,Baltimore city,Maryland,2022,60,53,68
448,N/A,24510020300,Baltimore city,Maryland,2023,60,49,71
449,N/A,24510020300,Baltimore city,Maryland,2024,64,57,71
450,N/A,24510080500,Baltimore city,Maryland,2020,31,27,35
451,N/A,24510080500,Baltimore city,Maryland,2021,40,34,46
452,N/A,24510080500,Baltimore city,Maryland,2022,38,32,45
453,N/A,24510080500,Baltimore city,Maryland,2023,26,25,26
454,N/A,24510080500,Baltimore city,Maryland,2024,18,9,27
455,N/A,24510110200,Baltimore city,Maryland,2020,58,59,56
456,N/A,24510110200,Baltimore city,Maryland,2021,59,59,59
457,N/A,24510110200,Baltimore city,Maryland,2022,59,57,61
458,N/A,24510110200,Baltimore city,Maryland,2023,61,59,63
459,N/A,24510110200,Baltimore city,Maryland,2024,60,56,63
460,N/A,24510060200,Baltimore city,Maryland,2020,44,42,45
461,N/A,24510060200,Baltimore city,Maryland,2021,42,42,42
462,N/A,24510060200,Baltimore city,Maryland,2022,38,30,47
463,N/A,24510060200,Baltimore city,Maryland,2023,41,39,43
464,N/A,24510060200,Baltimore city,Maryland,2024,43,40,46
465,N/A,24005420702,Baltimore County,Maryland,2020,43,43,43
466,N/A,24005420702,Baltimore County,Maryland,2021,33,32,34
467,N/A,24005420702,Baltimore County,Maryland,2022,33,32,34
468,N/A,24005420702,Baltimore County,Maryland,2023,38,40,36
469,N/A,24005420702,Baltimore County,Maryland,2024,40,47,33
470,N/A,24003751102,Anne Arundel County,Maryland,2020,50,51,50
471,N/A,24003751102,Anne Arundel County,Maryland,2021,54,57,52
472,N/A,24003751102,Anne Arundel County,Maryland,2022,56,62,50
473,N/A,24003751102,Anne Arundel County,Maryland,2023,55,63,47
474,N/A,24003751102,Anne Arundel County,Maryland,2024,56,65,47
475,N/A,24005401301,Baltimore County,Maryland,2020,44,46,43
476,N/A,24005401301,Baltimore County,Maryland,2021,48,53,44
477,N/A,24005401301,Baltimore County,Maryland,2022,49,56,42
478,N/A,24005401301,Baltimore County,Maryland,2023,47,51,43
479,N/A,24005401301,Baltimore County,Maryland,2024,46,49,44
480,N/A,24510280401,Baltimore city,Maryland,2020,38,30,46
481,N/A,24510280401,Baltimore city,Maryland,2021,48,45,50
482,N/A,24510280401,Baltimore city,Maryland,2022,50,47,53
483,N/A,24510280401,Baltimore city,Maryland,2023,42,33,50
484,N/A,24510280401,Baltimore city,Maryland,2024,38,30,46
485,N/A,24510090100,Baltimore city,Maryland,2020,34,39,29
486,N/A,24510090100,Baltimore city,Maryland,2021,34,34,33
487,N/A,24510090100,Baltimore city,Maryland,2022,32,30,34
488,N/A,24510090100,Baltimore city,Maryland,2023,32,28,37
489,N/A,24510090100,Baltimore city,Maryland,2024,39,39,39
490,N/A,24510230200,Baltimore city,Maryland,2020,56,39,72
491,N/A,24510230200,Baltimore city,Maryland,2021,58,51,65
492,N/A,24510230200,Baltimore city,Maryland,2022,55,45,65
493,N/A,24510230200,Baltimore city,Maryland,2023,49,32,66
494,N/A,24510230200,Baltimore city,Maryland,2024,52,38,67
495,N/A,24005980100,Baltimore County,Maryland,2020,N/A,N/A,97
496,N/A,24005980100,Baltimore County,Maryland,2021,N/A,N/A,97
497,N/A,24005980100,Baltimore County,Maryland,2022,N/A,N/A,48
498,N/A,24005980100,Baltimore County,Maryland,2023,N/A,N/A,48
499,N/A,24005980100,Baltimore County,Maryland,2024,N/A,N/A,97
500,N/A,24510090200,Baltimore city,Maryland,2020,49,47,51
501,N/A,24510090200,Baltimore city,Maryland,2021,48,41,54
502,N/A,24510090200,Baltimore city,Maryland,2022,58,54,61
503,N/A,24510090200,Baltimore city,Maryland,2023,52,52,51
504,N/A,24510090200,Baltimore city,Maryland,2024,46,40,52
505,N/A,24510080102,Baltimore city,Maryland,2020,42,50,35
506,N/A,24510080102,Baltimore city,Maryland,2021,38,43,32
507,N/A,24510080102,Baltimore city,Maryland,2022,33,29,37
508,N/A,24510080102,Baltimore city,Maryland,2023,41,42,40
509,N/A,24510080102,Baltimore city,Maryland,2024,42,39,45
510,N/A,24510240300,Baltimore city,Maryland,2020,52,45,59
511,N/A,24510240300,Baltimore city,Maryland,2021,58,46,69
512,N/A,24510240300,Baltimore city,Maryland,2022,56,43,68
513,N/A,24510240300,Baltimore city,Maryland,2023,54,40,69
514,N/A,24510240300,Baltimore city,Maryland,2024,52,40,64
515,N/A,24510190300,Baltimore city,Maryland,2020,31,37,25
516,N/A,24510190300,Baltimore city,Maryland,2021,24,14,34
517,N/A,24510190300,Baltimore city,Maryland,2022,26,25,26
518,N/A,24510190300,Baltimore city,Maryland,2023,34,40,27
519,N/A,24510190300,Baltimore city,Maryland,2024,35,35,35
520,N/A,24510260101,Baltimore city,Maryland,2020,50,60,39
521,N/A,24510260101,Baltimore city,Maryland,2021,49,50,48
522,N/A,24510260101,Baltimore city,Maryland,2022,50,53,48
523,N/A,24510260101,Baltimore city,Maryland,2023,44,50,38
524,N/A,24510260101,Baltimore city,Maryland,2024,46,52,40
525,N/A,24510270901,Baltimore city,Maryland,2020,47,52,42
526,N/A,24510270901,Baltimore city,Maryland,2021,40,49,30
527,N/A,24510270901,Baltimore city,Maryland,2022,44,57,30
528,N/A,24510270901,Baltimore city,Maryland,2023,44,52,37
529,N/A,24510270901,Baltimore city,Maryland,2024,41,42,40
530,N/A,24510280302,Baltimore city,Maryland,2020,32,33,32
531,N/A,24510280302,Baltimore city,Maryland,2021,40,35,45
532,N/A,24510280302,Baltimore city,Maryland,2022,45,41,49
533,N/A,24510280302,Baltimore city,Maryland,2023,50,50,51
534,N/A,24510280302,Baltimore city,Maryland,2024,52,51,53
535,N/A,24510190200,Baltimore city,Maryland,2020,42,39,45
536,N/A,24510190200,Baltimore city,Maryland,2021,43,40,46
537,N/A,24510190200,Baltimore city,Maryland,2022,45,42,48
538,N/A,24510190200,Baltimore city,Maryland,2023,48,46,51
539,N/A,24510190200,Baltimore city,Maryland,2024,56,53,59
540,N/A,24510250402,Baltimore city,Maryland,2020,34,39,29
541,N/A,24510250402,Baltimore city,Maryland,2021,24,25,22
542,N/A,24510250402,Baltimore city,Maryland,2022,32,40,24
543,N/A,24510250402,Baltimore city,Maryland,2023,26,31,20
544,N/A,24510250402,Baltimore city,Maryland,2024,24,20,27
545,N/A,24005400200,Baltimore County,Maryland,2020,52,44,59
546,N/A,24005400200,Baltimore County,Maryland,2021,52,36,68
547,N/A,24005400200,Baltimore County,Maryland,2022,43,32,54
548,N/A,24005400200,Baltimore County,Maryland,2023,50,45,56
549,N/A,24005400200,Baltimore County,Maryland,2024,54,51,57
550,N/A,24510070100,Baltimore city,Maryland,2020,27,28,26
551,N/A,24510070100,Baltimore city,Maryland,2021,27,27,27
552,N/A,24510070100,Baltimore city,Maryland,2022,31,34,28
553,N/A,24510070100,Baltimore city,Maryland,2023,31,36,26
554,N/A,24510070100,Baltimore city,Maryland,2024,30,31,29
555,N/A,24005430400,Baltimore County,Maryland,2020,62,52,73
556,N/A,24005430400,Baltimore County,Maryland,2021,58,52,65
557,N/A,24005430400,Baltimore County,Maryland,2022,63,55,71
558,N/A,24005430400,Baltimore County,Maryland,2023,60,51,69
559,N/A,24005430400,Baltimore County,Maryland,2024,68,67,68
560,N/A,24510010500,Baltimore city,Maryland,2020,50,37,62
561,N/A,24510010500,Baltimore city,Maryland,2021,52,46,59
562,N/A,24510010500,Baltimore city,Maryland,2022,50,45,55
563,N/A,24510010500,Baltimore city,Maryland,2023,51,48,54
564,N/A,24510010500,Baltimore city,Maryland,2024,49,43,55
565,N/A,24510270804,Baltimore city,Maryland,2020,44,35,53
566,N/A,24510270804,Baltimore city,Maryland,2021,40,36,45
567,N/A,24510270804,Baltimore city,Maryland,2022,42,39,46
568,N/A,24510270804,Baltimore city,Maryland,2023,44,47,41
569,N/A,24510270804,Baltimore city,Maryland,2024,41,39,43
570,N/A,24003750203,Anne Arundel County,Maryland,2020,38,27,49
571,N/A,24003750203,Anne Arundel County,Maryland,2021,50,46,54
572,N/A,24003750203,Anne Arundel County,Maryland,2022,50,50,50
573,N/A,24003750203,Anne Arundel County,Maryland,2023,54,54,55
574,N/A,24003750203,Anne Arundel County,Maryland,2024,60,64,55
575,N/A,24510150200,Baltimore city,Maryland,2020,28,34,21
576,N/A,24510150200,Baltimore city,Maryland,2021,30,41,19
577,N/A,24510150200,Baltimore city,Maryland,2022,30,41,20
578,N/A,24510150200,Baltimore city,Maryland,2023,30,38,23
579,N/A,24510150200,Baltimore city,Maryland,2024,32,36,28
580,N/A,24510160300,Baltimore city,Maryland,2020,21,21,21
581,N/A,24510160300,Baltimore city,Maryland,2021,25,19,31
582,N/A,24510160300,Baltimore city,Maryland,2022,34,37,31
583,N/A,24510160300,Baltimore city,Maryland,2023,30,30,29
584,N/A,24510160300,Baltimore city,Maryland,2024,38,46,30
585,N/A,24510272006,Baltimore city,Maryland,2020,36,42,31
586,N/A,24510272006,Baltimore city,Maryland,2021,32,36,28
587,N/A,24510272006,Baltimore city,Maryland,2022,32,32,32
588,N/A,24510272006,Baltimore city,Maryland,2023,35,41,29
589,N/A,24510272006,Baltimore city,Maryland,2024,38,44,33
590,N/A,24510130803,Baltimore city,Maryland,2020,46,43,48
591,N/A,24510130803,Baltimore city,Maryland,2021,41,32,50
592,N/A,24510130803,Baltimore city,Maryland,2022,50,44,55
593,N/A,24510130803,Baltimore city,Maryland,2023,49,37,61
594,N/A,24510130803,Baltimore city,Maryland,2024,53,43,63
595,N/A,24005430200,Baltimore County,Maryland,2020,38,34,42
596,N/A,24005430200,Baltimore County,Maryland,2021,41,40,42
597,N/A,24005430200,Baltimore County,Maryland,2022,52,62,42
598,N/A,24005430200,Baltimore County,Maryland,2023,50,59,42
599,N/A,24005430200,Baltimore County,Maryland,2024,44,48,41
600,N/A,24510270401,Baltimore city,Maryland,2020,42,39,44
601,N/A,24510270401,Baltimore city,Maryland,2021,42,39,44
602,N/A,24510270401,Baltimore city,Maryland,2022,46,47,45
603,N/A,24510270401,Baltimore city,Maryland,2023,45,48,42
604,N/A,24510270401,Baltimore city,Maryland,2024,42,46,39
605,N/A,24510280200,Baltimore city,Maryland,2020,48,64,32
606,N/A,24510280200,Baltimore city,Maryland,2021,36,42,31
607,N/A,24510280200,Baltimore city,Maryland,2022,41,49,33
608,N/A,24510280200,Baltimore city,Maryland,2023,46,51,40
609,N/A,24510280200,Baltimore city,Maryland,2024,42,44,41
610,N/A,24510271801,Baltimore city,Maryland,2020,28,30,25
611,N/A,24510271801,Baltimore city,Maryland,2021,30,34,26
612,N/A,24510271801,Baltimore city,Maryland,2022,30,33,28
613,N/A,24510271801,Baltimore city,Maryland,2023,24,20,28
614,N/A,24510271801,Baltimore city,Maryland,2024,30,28,32
615,N/A,24510270801,Baltimore city,Maryland,2020,46,45,46
616,N/A,24510270801,Baltimore city,Maryland,2021,53,50,56
617,N/A,24510270801,Baltimore city,Maryland,2022,50,45,56
618,N/A,24510270801,Baltimore city,Maryland,2023,44,39,48
619,N/A,24510270801,Baltimore city,Maryland,2024,42,36,47
620,N/A,24510200702,Baltimore city,Maryland,2020,34,40,27
621,N/A,24510200702,Baltimore city,Maryland,2021,38,42,35
622,N/A,24510200702,Baltimore city,Maryland,2022,41,47,35
623,N/A,24510200702,Baltimore city,Maryland,2023,34,37,31
624,N/A,24510200702,Baltimore city,Maryland,2024,34,37,32
625,N/A,24510270803,Baltimore city,Maryland,2020,44,40,47
626,N/A,24510270803,Baltimore city,Maryland,2021,45,48,42
627,N/A,24510270803,Baltimore city,Maryland,2022,50,57,42
628,N/A,24510270803,Baltimore city,Maryland,2023,42,41,42
629,N/A,24510270803,Baltimore city,Maryland,2024,47,50,44
630,N/A,24510270301,Baltimore city,Maryland,2020,46,37,55
631,N/A,24510270301,Baltimore city,Maryland,2021,47,33,61
632,N/A,24510270301,Baltimore city,Maryland,2022,50,47,53
633,N/A,24510270301,Baltimore city,Maryland,2023,48,47,50
634,N/A,24510270301,Baltimore city,Maryland,2024,54,54,55
635,N/A,24510200600,Baltimore city,Maryland,2020,32,29,34
636,N/A,24510200600,Baltimore city,Maryland,2021,32,30,34
637,N/A,24510200600,Baltimore city,Maryland,2022,34,34,35
638,N/A,24510200600,Baltimore city,Maryland,2023,36,36,35
639,N/A,24510200600,Baltimore city,Maryland,2024,41,45,37
640,N/A,24510151200,Baltimore city,Maryland,2020,31,36,26
641,N/A,24510151200,Baltimore city,Maryland,2021,27,29,25
642,N/A,24510151200,Baltimore city,Maryland,2022,27,27,27
643,N/A,24510151200,Baltimore city,Maryland,2023,31,30,32
644,N/A,24510151200,Baltimore city,Maryland,2024,34,30,39
645,N/A,24510270501,Baltimore city,Maryland,2020,48,46,50
646,N/A,24510270501,Baltimore city,Maryland,2021,51,51,51
647,N/A,24510270501,Baltimore city,Maryland,2022,54,51,56
648,N/A,24510270501,Baltimore city,Maryland,2023,50,50,49
649,N/A,24510270501,Baltimore city,Maryland,2024,50,48,51
650,N/A,24510272003,Baltimore city,Maryland,2020,48,53,44
651,N/A,24510272003,Baltimore city,Maryland,2021,40,42,39
652,N/A,24510272003,Baltimore city,Maryland,2022,39,39,39
653,N/A,24510272003,Baltimore city,Maryland,2023,48,50,45
654,N/A,24510272003,Baltimore city,Maryland,2024,45,46,44
655,N/A,24510060300,Baltimore city,Maryland,2020,41,37,45
656,N/A,24510060300,Baltimore city,Maryland,2021,48,43,54
657,N/A,24510060300,Baltimore city,Maryland,2022,41,27,55
658,N/A,24510060300,Baltimore city,Maryland,2023,47,33,61
659,N/A,24510060300,Baltimore city,Maryland,2024,56,45,66
660,N/A,24510280102,Baltimore city,Maryland,2020,52,65,40
661,N/A,24510280102,Baltimore city,Maryland,2021,42,54,30
662,N/A,24510280102,Baltimore city,Maryland,2022,41,49,33
663,N/A,24510280102,Baltimore city,Maryland,2023,50,61,39
664,N/A,24510280102,Baltimore city,Maryland,2024,48,58,37
665,N/A,24005441102,Baltimore County,Maryland,2020,46,53,40
666,N/A,24005441102,Baltimore County,Maryland,2021,50,59,41
667,N/A,24005441102,Baltimore County,Maryland,2022,54,64,45
668,N/A,24005441102,Baltimore County,Maryland,2023,42,42,43
669,N/A,24005441102,Baltimore County,Maryland,2024,49,55,43
670,N/A,24510020200,Baltimore city,Maryland,2020,50,38,62
671,N/A,24510020200,Baltimore city,Maryland,2021,52,48,57
672,N/A,24510020200,Baltimore city,Maryland,2022,52,47,56
673,N/A,24510020200,Baltimore city,Maryland,2023,44,30,57
674,N/A,24510020200,Baltimore city,Maryland,2024,48,37,60
675,N/A,24510271200,Baltimore city,Maryland,2020,56,47,64
676,N/A,24510271200,Baltimore city,Maryland,2021,58,49,66
677,N/A,24510271200,Baltimore city,Maryland,2022,56,46,67
678,N/A,24510271200,Baltimore city,Maryland,2023,60,52,67
679,N/A,24510271200,Baltimore city,Maryland,2024,59,51,67
680,N/A,24510010200,Baltimore city,Maryland,2020,52,36,67
681,N/A,24510010200,Baltimore city,Maryland,2021,54,43,65
682,N/A,24510010200,Baltimore city,Maryland,2022,54,39,69
683,N/A,24510010200,Baltimore city,Maryland,2023,54,51,56
684,N/A,24510010200,Baltimore city,Maryland,2024,52,45,58
685,N/A,24510170300,Baltimore city,Maryland,2020,40,49,30
686,N/A,24510170300,Baltimore city,Maryland,2021,36,46,27
687,N/A,24510170300,Baltimore city,Maryland,2022,20,19,22
688,N/A,24510170300,Baltimore city,Maryland,2023,28,37,20
689,N/A,24510170300,Baltimore city,Maryland,2024,24,27,20
690,N/A,24510090400,Baltimore city,Maryland,2020,30,33,28
691,N/A,24510090400,Baltimore city,Maryland,2021,33,36,30
692,N/A,24510090400,Baltimore city,Maryland,2022,30,30,29
693,N/A,24510090400,Baltimore city,Maryland,2023,30,38,23
694,N/A,24510090400,Baltimore city,Maryland,2024,32,36,29
695,N/A,24510060100,Baltimore city,Maryland,2020,37,36,38
696,N/A,24510060100,Baltimore city,Maryland,2021,34,39,30
697,N/A,24510060100,Baltimore city,Maryland,2022,34,36,33
698,N/A,24510060100,Baltimore city,Maryland,2023,39,39,39
699,N/A,24510060100,Baltimore city,Maryland,2024,41,40,42
700,N/A,24005491401,Baltimore County,Maryland,2020,43,44,42
701,N/A,24005491401,Baltimore County,Maryland,2021,44,37,51
702,N/A,24005491401,Baltimore County,Maryland,2022,48,43,53
703,N/A,24005491401,Baltimore County,Maryland,2023,44,36,52
704,N/A,24005491401,Baltimore County,Maryland,2024,52,43,61
705,N/A,24510010300,Baltimore city,Maryland,2020,61,55,67
706,N/A,24510010300,Baltimore city,Maryland,2021,58,44,71
707,N/A,24510010300,Baltimore city,Maryland,2022,52,33,71
708,N/A,24510010300,Baltimore city,Maryland,2023,57,42,72
709,N/A,24510010300,Baltimore city,Maryland,2024,58,38,79
710,N/A,24510080101,Baltimore city,Maryland,2020,46,45,46
711,N/A,24510080101,Baltimore city,Maryland,2021,48,56,39
712,N/A,24510080101,Baltimore city,Maryland,2022,50,55,45
713,N/A,24510080101,Baltimore city,Maryland,2023,50,50,50
714,N/A,24510080101,Baltimore city,Maryland,2024,48,41,54
715,N/A,24510271400,Baltimore city,Maryland,2020,50,35,65
716,N/A,24510271400,Baltimore city,Maryland,2021,62,59,66
717,N/A,24510271400,Baltimore city,Maryland,2022,60,53,67
718,N/A,24510271400,Baltimore city,Maryland,2023,58,48,67
719,N/A,24510271400,Baltimore city,Maryland,2024,56,49,64
720,N/A,24510260402,Baltimore city,Maryland,2020,48,51,44
721,N/A,24510260402,Baltimore city,Maryland,2021,48,42,53
722,N/A,24510260402,Baltimore city,Maryland,2022,47,41,53
723,N/A,24510260402,Baltimore city,Maryland,2023,44,39,49
724,N/A,24510260402,Baltimore city,Maryland,2024,42,36,48
725,N/A,24510200701,Baltimore city,Maryland,2020,35,44,26
726,N/A,24510200701,Baltimore city,Maryland,2021,33,35,31
727,N/A,24510200701,Baltimore city,Maryland,2022,35,35,35
728,N/A,24510200701,Baltimore city,Maryland,2023,39,37,41
729,N/A,24510200701,Baltimore city,Maryland,2024,38,37,40
730,N/A,24510271101,Baltimore city,Maryland,2020,41,39,43
731,N/A,24510271101,Baltimore city,Maryland,2021,40,36,43
732,N/A,24510271101,Baltimore city,Maryland,2022,34,29,39
733,N/A,24510271101,Baltimore city,Maryland,2023,34,33,36
734,N/A,24510271101,Baltimore city,Maryland,2024,36,32,40
735,N/A,24510120400,Baltimore city,Maryland,2020,42,52,33
736,N/A,24510120400,Baltimore city,Maryland,2021,39,39,39
737,N/A,24510120400,Baltimore city,Maryland,2022,44,52,37
738,N/A,24510120400,Baltimore city,Maryland,2023,42,42,41
739,N/A,24510120400,Baltimore city,Maryland,2024,40,46,35
740,N/A,24510270502,Baltimore city,Maryland,2020,54,57,52
741,N/A,24510270502,Baltimore city,Maryland,2021,52,43,60
742,N/A,24510270502,Baltimore city,Maryland,2022,49,43,55
743,N/A,24510270502,Baltimore city,Maryland,2023,42,44,40
744,N/A,24510270502,Baltimore city,Maryland,2024,42,43,42
745,N/A,24510270802,Baltimore city,Maryland,2020,33,31,35
746,N/A,24510270802,Baltimore city,Maryland,2021,41,37,45
747,N/A,24510270802,Baltimore city,Maryland,2022,44,45,42
748,N/A,24510270802,Baltimore city,Maryland,2023,50,53,46
749,N/A,24510270802,Baltimore city,Maryland,2024,49,56,42
750,N/A,24510260303,Baltimore city,Maryland,2020,38,42,35
751,N/A,24510260303,Baltimore city,Maryland,2021,49,58,40
752,N/A,24510260303,Baltimore city,Maryland,2022,51,59,43
753,N/A,24510260303,Baltimore city,Maryland,2023,48,49,46
754,N/A,24510260303,Baltimore city,Maryland,2024,50,52,47
755,N/A,24510270302,Baltimore city,Maryland,2020,48,50,47
756,N/A,24510270302,Baltimore city,Maryland,2021,41,41,41
757,N/A,24510270302,Baltimore city,Maryland,2022,39,37,41
758,N/A,24510270302,Baltimore city,Maryland,2023,36,37,36
759,N/A,24510270302,Baltimore city,Maryland,2024,39,38,40
760,N/A,24005401302,Baltimore County,Maryland,2020,38,35,41
761,N/A,24005401302,Baltimore County,Maryland,2021,45,46,44
762,N/A,24005401302,Baltimore County,Maryland,2022,49,54,44
763,N/A,24005401302,Baltimore County,Maryland,2023,40,39,42
764,N/A,24005401302,Baltimore County,Maryland,2024,40,32,47
765,N/A,24005403201,Baltimore County,Maryland,2020,43,42,44
766,N/A,24005403201,Baltimore County,Maryland,2021,44,40,48
767,N/A,24005403201,Baltimore County,Maryland,2022,38,33,44
768,N/A,24005403201,Baltimore County,Maryland,2023,46,44,47
769,N/A,24005403201,Baltimore County,Maryland,2024,42,34,49
770,N/A,24510260102,Baltimore city,Maryland,2020,42,39,44
771,N/A,24510260102,Baltimore city,Maryland,2021,44,42,46
772,N/A,24510260102,Baltimore city,Maryland,2022,43,48,38
773,N/A,24510260102,Baltimore city,Maryland,2023,40,41,39
774,N/A,24510260102,Baltimore city,Maryland,2024,47,49,45
775,N/A,24510080302,Baltimore city,Maryland,2020,38,51,25
776,N/A,24510080302,Baltimore city,Maryland,2021,34,40,28
777,N/A,24510080302,Baltimore city,Maryland,2022,26,27,24
778,N/A,24510080302,Baltimore city,Maryland,2023,28,36,21
779,N/A,24510080302,Baltimore city,Maryland,2024,28,32,24
780,N/A,24510271001,Baltimore city,Maryland,2020,25,29,21
781,N/A,24510271001,Baltimore city,Maryland,2021,30,36,25
782,N/A,24510271001,Baltimore city,Maryland,2022,32,33,31
783,N/A,24510271001,Baltimore city,Maryland,2023,36,42,29
784,N/A,24510271001,Baltimore city,Maryland,2024,30,30,30
785,N/A,24510272005,Baltimore city,Maryland,2020,45,53,37
786,N/A,24510272005,Baltimore city,Maryland,2021,45,50,40
787,N/A,24510272005,Baltimore city,Maryland,2022,48,54,42
788,N/A,24510272005,Baltimore city,Maryland,2023,48,53,43
789,N/A,24510272005,Baltimore city,Maryland,2024,50,49,50
790,N/A,24005403602,Baltimore County,Maryland,2020,67,59,75
791,N/A,24005403602,Baltimore County,Maryland,2021,63,52,74
792,N/A,24005403602,Baltimore County,Maryland,2022,62,53,72
793,N/A,24005403602,Baltimore County,Maryland,2023,62,55,69
794,N/A,24005403602,Baltimore County,Maryland,2024,62,59,65
795,N/A,24510260203,Baltimore city,Maryland,2020,44,54,35
796,N/A,24510260203,Baltimore city,Maryland,2021,34,31,38
797,N/A,24510260203,Baltimore city,Maryland,2022,37,36,38
798,N/A,24510260203,Baltimore city,Maryland,2023,40,39,42
799,N/A,24510260203,Baltimore city,Maryland,2024,40,30,49
800,N/A,24510120300,Baltimore city,Maryland,2020,48,50,45
801,N/A,24510120300,Baltimore city,Maryland,2021,48,47,49
802,N/A,24510120300,Baltimore city,Maryland,2022,50,46,54
803,N/A,24510120300,Baltimore city,Maryland,2023,42,37,48
804,N/A,24510120300,Baltimore city,Maryland,2024,44,47,41
805,N/A,24510070200,Baltimore city,Maryland,2020,36,46,26
806,N/A,24510070200,Baltimore city,Maryland,2021,40,52,27
807,N/A,24510070200,Baltimore city,Maryland,2022,31,34,28
808,N/A,24510070200,Baltimore city,Maryland,2023,32,34,29
809,N/A,24510070200,Baltimore city,Maryland,2024,35,33,37
810,N/A,24510270702,Baltimore city,Maryland,2020,41,40,42
811,N/A,24510270702,Baltimore city,Maryland,2021,42,32,52
812,N/A,24510270702,Baltimore city,Maryland,2022,50,43,56
813,N/A,24510270702,Baltimore city,Maryland,2023,52,42,61
814,N/A,24510270702,Baltimore city,Maryland,2024,54,45,63
815,N/A,24510270805,Baltimore city,Maryland,2020,48,54,42
816,N/A,24510270805,Baltimore city,Maryland,2021,42,36,47
817,N/A,24510270805,Baltimore city,Maryland,2022,54,54,55
818,N/A,24510270805,Baltimore city,Maryland,2023,51,41,61
819,N/A,24510270805,Baltimore city,Maryland,2024,54,48,61
820,N/A,24510250206,Baltimore city,Maryland,2020,52,41,64
821,N/A,24510250206,Baltimore city,Maryland,2021,54,43,65
822,N/A,24510250206,Baltimore city,Maryland,2022,48,40,57
823,N/A,24510250206,Baltimore city,Maryland,2023,52,42,63
824,N/A,24510250206,Baltimore city,Maryland,2024,55,48,62
825,N/A,24005403402,Baltimore County,Maryland,2020,54,65,44
826,N/A,24005403402,Baltimore County,Maryland,2021,50,61,40
827,N/A,24005403402,Baltimore County,Maryland,2022,50,61,40
828,N/A,24005403402,Baltimore County,Maryland,2023,44,53,36
829,N/A,24005403402,Baltimore County,Maryland,2024,50,60,39
830,N/A,24510020100,Baltimore city,Maryland,2020,51,37,65
831,N/A,24510020100,Baltimore city,Maryland,2021,54,42,66
832,N/A,24510020100,Baltimore city,Maryland,2022,54,40,69
833,N/A,24510020100,Baltimore city,Maryland,2023,59,47,71
834,N/A,24510020100,Baltimore city,Maryland,2024,58,45,70
835,Yes,24510120500,Baltimore city,Maryland,2020,50,49,50
836,Yes,24510120500,Baltimore city,Maryland,2021,56,57,56
837,Yes,24510120500,Baltimore city,Maryland,2022,56,52,60
838,Yes,24510120500,Baltimore city,Maryland,2023,52,45,58
839,Yes,24510120500,Baltimore city,Maryland,2024,52,43,60
840,N/A,24510200800,Baltimore city,Maryland,2020,39,41,37
841,N/A,24510200800,Baltimore city,Maryland,2021,37,34,40
842,N/A,24510200800,Baltimore city,Maryland,2022,41,45,37
843,N/A,24510200800,Baltimore city,Maryland,2023,34,32,36
844,N/A,24510200800,Baltimore city,Maryland,2024,40,41,38
845,N/A,24510271002,Baltimore city,Maryland,2020,31,39,23
846,N/A,24510271002,Baltimore city,Maryland,2021,36,44,28
847,N/A,24510271002,Baltimore city,Maryland,2022,34,38,30
848,N/A,24510271002,Baltimore city,Maryland,2023,36,37,34
849,N/A,24510271002,Baltimore city,Maryland,2024,36,31,40
850,N/A,24510010400,Baltimore city,Maryland,2020,60,59,61
851,N/A,24510010400,Baltimore city,Maryland,2021,57,56,58
852,N/A,24510010400,Baltimore city,Maryland,2022,62,63,60
853,N/A,24510010400,Baltimore city,Maryland,2023,56,53,60
854,N/A,24510010400,Baltimore city,Maryland,2024,58,57,59
855,N/A,24005420500,Baltimore County,Maryland,2020,36,36,37
856,N/A,24005420500,Baltimore County,Maryland,2021,42,47,37
857,N/A,24005420500,Baltimore County,Maryland,2022,44,49,38
858,N/A,24005420500,Baltimore County,Maryland,2023,38,38,37
859,N/A,24005420500,Baltimore County,Maryland,2024,48,54,41
860,N/A,24510070300,Baltimore city,Maryland,2020,40,46,33
861,N/A,24510070300,Baltimore city,Maryland,2021,40,43,36
862,N/A,24510070300,Baltimore city,Maryland,2022,40,40,41
863,N/A,24510070300,Baltimore city,Maryland,2023,44,45,42
864,N/A,24510070300,Baltimore city,Maryland,2024,47,50,44
865,Yes,24510271600,Baltimore city,Maryland,2020,32,36,27
866,Yes,24510271600,Baltimore city,Maryland,2021,30,32,28
867,Yes,24510271600,Baltimore city,Maryland,2022,29,23,35
868,Yes,24510271600,Baltimore city,Maryland,2023,37,35,39
869,Yes,24510271600,Baltimore city,Maryland,2024,42,41,43
870,Yes,24510140300,Baltimore city,Maryland,2020,38,43,32
871,Yes,24510140300,Baltimore city,Maryland,2021,38,39,38
872,Yes,24510140300,Baltimore city,Maryland,2022,40,44,35
873,Yes,24510140300,Baltimore city,Maryland,2023,38,36,40
874,Yes,24510140300,Baltimore city,Maryland,2024,38,33,43
875,Yes,24510150600,Baltimore city,Maryland,2020,41,50,32
876,Yes,24510150600,Baltimore city,Maryland,2021,38,40,37
877,Yes,24510150600,Baltimore city,Maryland,2022,36,38,33
878,Yes,24510150600,Baltimore city,Maryland,2023,32,27,38
879,Yes,24510150600,Baltimore city,Maryland,2024,37,35,39
880,Yes,24510280500,Baltimore city,Maryland,2020,34,30,39
881,Yes,24510280500,Baltimore city,Maryland,2021,49,49,49
882,Yes,24510280500,Baltimore city,Maryland,2022,38,38,37
883,Yes,24510280500,Baltimore city,Maryland,2023,36,34,37
884,Yes,24510280500,Baltimore city,Maryland,2024,32,27,36
885,Yes,24510180300,Baltimore city,Maryland,2020,40,38,41
886,Yes,24510180300,Baltimore city,Maryland,2021,44,45,44
887,Yes,24510180300,Baltimore city,Maryland,2022,42,40,43
888,Yes,24510180300,Baltimore city,Maryland,2023,42,45,39
889,Yes,24510180300,Baltimore city,Maryland,2024,42,40,44
890,Yes,24510200100,Baltimore city,Maryland,2020,30,28,32
891,Yes,24510200100,Baltimore city,Maryland,2021,28,25,31
892,Yes,24510200100,Baltimore city,Maryland,2022,34,36,31
893,Yes,24510200100,Baltimore city,Maryland,2023,36,35,38
894,Yes,24510200100,Baltimore city,Maryland,2024,33,25,41
895,Yes,24510150100,Baltimore city,Maryland,2020,32,37,27
896,Yes,24510150100,Baltimore city,Maryland,2021,32,35,29
897,Yes,24510150100,Baltimore city,Maryland,2022,35,39,31
898,Yes,24510150100,Baltimore city,Maryland,2023,38,45,30
899,Yes,24510150100,Baltimore city,Maryland,2024,34,34,33
900,Yes,24510210100,Baltimore city,Maryland,2020,50,43,58
901,Yes,24510210100,Baltimore city,Maryland,2021,68,72,63
902,Yes,24510210100,Baltimore city,Maryland,2022,64,62,65
903,Yes,24510210100,Baltimore city,Maryland,2023,58,52,64
904,Yes,24510210100,Baltimore city,Maryland,2024,58,52,64
905,Yes,24510250401,Baltimore city,Maryland,2020,32,33,31
906,Yes,24510250401,Baltimore city,Maryland,2021,34,35,34
907,Yes,24510250401,Baltimore city,Maryland,2022,37,41,33
908,Yes,24510250401,Baltimore city,Maryland,2023,40,39,41
909,Yes,24510250401,Baltimore city,Maryland,2024,42,38,45
910,Yes,24510160500,Baltimore city,Maryland,2020,30,37,23
911,Yes,24510160500,Baltimore city,Maryland,2021,28,27,28
912,Yes,24510160500,Baltimore city,Maryland,2022,26,24,27
913,Yes,24510160500,Baltimore city,Maryland,2023,33,40,26
914,Yes,24510160500,Baltimore city,Maryland,2024,38,44,32
915,N/A,24510150900,Baltimore city,Maryland,2020,42,46,39
916,N/A,24510150900,Baltimore city,Maryland,2021,38,41,36
917,N/A,24510150900,Baltimore city,Maryland,2022,33,27,39
918,N/A,24510150900,Baltimore city,Maryland,2023,38,35,41
919,N/A,24510150900,Baltimore city,Maryland,2024,36,28,44
920,Yes,24003750102,Anne Arundel County,Maryland,2020,41,33,49
921,Yes,24003750102,Anne Arundel County,Maryland,2021,48,47,48
922,Yes,24003750102,Anne Arundel County,Maryland,2022,44,44,44
923,Yes,24003750102,Anne Arundel County,Maryland,2023,44,38,49
924,Yes,24003750102,Anne Arundel County,Maryland,2024,44,37,50
925,Yes,24510260605,Baltimore city,Maryland,2020,44,43,44
926,Yes,24510260605,Baltimore city,Maryland,2021,47,52,42
927,Yes,24510260605,Baltimore city,Maryland,2022,47,56,38
928,Yes,24510260605,Baltimore city,Maryland,2023,47,56,38
929,Yes,24510260605,Baltimore city,Maryland,2024,48,61,36
930,Yes,24510080800,Baltimore city,Maryland,2020,44,55,33
931,Yes,24510080800,Baltimore city,Maryland,2021,46,61,32
932,Yes,24510080800,Baltimore city,Maryland,2022,44,53,36
933,Yes,24510080800,Baltimore city,Maryland,2023,46,61,30
934,Yes,24510080800,Baltimore city,Maryland,2024,44,54,34
935,Yes,24510200200,Baltimore city,Maryland,2020,44,51,36
936,Yes,24510200200,Baltimore city,Maryland,2021,30,29,30
937,Yes,24510200200,Baltimore city,Maryland,2022,35,29,41
938,Yes,24510200200,Baltimore city,Maryland,2023,34,27,42
939,Yes,24510200200,Baltimore city,Maryland,2024,34,22,45
940,Yes,24510230300,Baltimore city,Maryland,2020,61,50,72
941,Yes,24510230300,Baltimore city,Maryland,2021,62,51,74
942,Yes,24510230300,Baltimore city,Maryland,2022,58,45,70
943,Yes,24510230300,Baltimore city,Maryland,2023,60,42,77
944,Yes,24510230300,Baltimore city,Maryland,2024,60,40,81
945,Yes,24510170200,Baltimore city,Maryland,2020,22,18,26
946,Yes,24510170200,Baltimore city,Maryland,2021,30,30,30
947,Yes,24510170200,Baltimore city,Maryland,2022,32,30,33
948,Yes,24510170200,Baltimore city,Maryland,2023,32,31,33
949,Yes,24510170200,Baltimore city,Maryland,2024,38,38,37
950,Yes,24510250203,Baltimore city,Maryland,2020,37,37,37
951,Yes,24510250203,Baltimore city,Maryland,2021,34,36,33
952,Yes,24510250203,Baltimore city,Maryland,2022,36,32,39
953,Yes,24510250203,Baltimore city,Maryland,2023,34,26,43
954,Yes,24510250203,Baltimore city,Maryland,2024,35,31,39
955,Yes,24510130200,Baltimore city,Maryland,2020,42,36,47
956,Yes,24510130200,Baltimore city,Maryland,2021,53,54,52
957,Yes,24510130200,Baltimore city,Maryland,2022,50,50,49
958,Yes,24510130200,Baltimore city,Maryland,2023,46,47,44
959,Yes,24510130200,Baltimore city,Maryland,2024,44,43,46
960,Yes,24510250207,Baltimore city,Maryland,2020,30,34,25
961,Yes,24510250207,Baltimore city,Maryland,2021,34,42,26
962,Yes,24510250207,Baltimore city,Maryland,2022,30,30,30
963,Yes,24510250207,Baltimore city,Maryland,2023,29,24,34
964,Yes,24510250207,Baltimore city,Maryland,2024,34,31,38
965,Yes,24510090800,Baltimore city,Maryland,2020,24,24,24
966,Yes,24510090800,Baltimore city,Maryland,2021,34,36,31
967,Yes,24510090800,Baltimore city,Maryland,2022,28,27,28
968,Yes,24510090800,Baltimore city,Maryland,2023,25,25,25
969,Yes,24510090800,Baltimore city,Maryland,2024,30,31,29
970,Yes,24510250500,Baltimore city,Maryland,2020,44,49,38
971,Yes,24510250500,Baltimore city,Maryland,2021,43,49,37
972,Yes,24510250500,Baltimore city,Maryland,2022,48,54,43
973,Yes,24510250500,Baltimore city,Maryland,2023,N/A,45,50
974,Yes,24510250500,Baltimore city,Maryland,2024,N/A,55,50
975,Yes,24510030100,Baltimore city,Maryland,2020,32,33,31
976,Yes,24510030100,Baltimore city,Maryland,2021,36,33,38
977,Yes,24510030100,Baltimore city,Maryland,2022,38,42,34
978,Yes,24510030100,Baltimore city,Maryland,2023,40,38,41
979,Yes,24510030100,Baltimore city,Maryland,2024,39,38,40
980,Yes,24510130300,Baltimore city,Maryland,2020,38,41,36
981,Yes,24510130300,Baltimore city,Maryland,2021,36,35,37
982,Yes,24510130300,Baltimore city,Maryland,2022,38,33,42
983,Yes,24510130300,Baltimore city,Maryland,2023,34,28,40
984,Yes,24510130300,Baltimore city,Maryland,2024,34,26,41
985,Yes,24510140200,Baltimore city,Maryland,2020,37,43,31
986,Yes,24510140200,Baltimore city,Maryland,2021,36,45,26
987,Yes,24510140200,Baltimore city,Maryland,2022,32,38,27
988,Yes,24510140200,Baltimore city,Maryland,2023,35,45,25
989,Yes,24510140200,Baltimore city,Maryland,2024,30,35,24
990,Yes,24510150500,Baltimore city,Maryland,2020,38,41,36
991,Yes,24510150500,Baltimore city,Maryland,2021,38,38,38
992,Yes,24510150500,Baltimore city,Maryland,2022,42,33,50
993,Yes,24510150500,Baltimore city,Maryland,2023,40,35,45
994,Yes,24510150500,Baltimore city,Maryland,2024,42,40,44
995,Yes,24510260404,Baltimore city,Maryland,2020,36,35,38
996,Yes,24510260404,Baltimore city,Maryland,2021,47,47,47
997,Yes,24510260404,Baltimore city,Maryland,2022,38,36,41
998,Yes,24510260404,Baltimore city,Maryland,2023,36,35,37
999,Yes,24510260404,Baltimore city,Maryland,2024,33,29,37
1000,Yes,24510250204,Baltimore city,Maryland,2020,38,48,27
1001,Yes,24510250204,Baltimore city,Maryland,2021,26,27,25
1002,Yes,24510250204,Baltimore city,Maryland,2022,38,50,26
1003,Yes,24510250204,Baltimore city,Maryland,2023,32,38,26
1004,Yes,24510250204,Baltimore city,Maryland,2024,36,44,28
1005,Yes,24510070400,Baltimore city,Maryland,2020,36,44,29
1006,Yes,24510070400,Baltimore city,Maryland,2021,26,27,24
1007,Yes,24510070400,Baltimore city,Maryland,2022,36,47,25
1008,Yes,24510070400,Baltimore city,Maryland,2023,34,41,28
1009,Yes,24510070400,Baltimore city,Maryland,2024,36,40,32
1010,Yes,24005421300,Baltimore County,Maryland,2020,34,45,23
1011,Yes,24005421300,Baltimore County,Maryland,2021,40,56,23
1012,Yes,24005421300,Baltimore County,Maryland,2022,36,47,25
1013,Yes,24005421300,Baltimore County,Maryland,2023,34,49,20
1014,Yes,24005421300,Baltimore County,Maryland,2024,34,40,27
1015,Yes,24510260700,Baltimore city,Maryland,2020,52,55,50
1016,Yes,24510260700,Baltimore city,Maryland,2021,58,68,49
1017,Yes,24510260700,Baltimore city,Maryland,2022,55,60,50
1018,Yes,24510260700,Baltimore city,Maryland,2023,49,54,44
1019,Yes,24510260700,Baltimore city,Maryland,2024,46,49,42
1020,Yes,24510080200,Baltimore city,Maryland,2020,34,33,34
1021,Yes,24510080200,Baltimore city,Maryland,2021,30,30,31
1022,Yes,24510080200,Baltimore city,Maryland,2022,38,34,41
1023,Yes,24510080200,Baltimore city,Maryland,2023,33,32,34
1024,Yes,24510080200,Baltimore city,Maryland,2024,38,42,33
1025,Yes,24005421102,Baltimore County,Maryland,2020,42,37,47
1026,Yes,24005421102,Baltimore County,Maryland,2021,40,44,36
1027,Yes,24005421102,Baltimore County,Maryland,2022,41,53,29
1028,Yes,24005421102,Baltimore County,Maryland,2023,33,39,27
1029,Yes,24005421102,Baltimore County,Maryland,2024,36,41,30
1030,Yes,24510080700,Baltimore city,Maryland,2020,40,58,22
1031,Yes,24510080700,Baltimore city,Maryland,2021,44,52,35
1032,Yes,24510080700,Baltimore city,Maryland,2022,42,52,31
1033,Yes,24510080700,Baltimore city,Maryland,2023,38,47,30
1034,Yes,24510080700,Baltimore city,Maryland,2024,38,45,32
1035,Yes,24510260501,Baltimore city,Maryland,2020,40,38,41
1036,Yes,24510260501,Baltimore city,Maryland,2021,45,44,46
1037,Yes,24510260501,Baltimore city,Maryland,2022,44,46,43
1038,Yes,24510260501,Baltimore city,Maryland,2023,36,34,38
1039,Yes,24510260501,Baltimore city,Maryland,2024,42,47,37
1040,Yes,24510040100,Baltimore city,Maryland,2020,60,54,67
1041,Yes,24510040100,Baltimore city,Maryland,2021,66,66,66
1042,Yes,24510040100,Baltimore city,Maryland,2022,67,73,61
1043,Yes,24510040100,Baltimore city,Maryland,2023,56,50,61
1044,Yes,24510040100,Baltimore city,Maryland,2024,59,58,60
1045,Yes,24510100100,Baltimore city,Maryland,2020,25,27,23
1046,Yes,24510100100,Baltimore city,Maryland,2021,28,34,23
1047,Yes,24510100100,Baltimore city,Maryland,2022,29,33,25
1048,Yes,24510100100,Baltimore city,Maryland,2023,36,44,29
1049,Yes,24510100100,Baltimore city,Maryland,2024,36,37,35
1050,Yes,24510250205,Baltimore city,Maryland,2020,44,38,49
1051,Yes,24510250205,Baltimore city,Maryland,2021,42,38,47
1052,Yes,24510250205,Baltimore city,Maryland,2022,40,42,38
1053,Yes,24510250205,Baltimore city,Maryland,2023,39,39,39
1054,Yes,24510250205,Baltimore city,Maryland,2024,34,29,38
1055,N/A,24510240200,Baltimore city,Maryland,2020,56,43,69
1056,N/A,24510240200,Baltimore city,Maryland,2021,54,43,66
1057,N/A,24510240200,Baltimore city,Maryland,2022,54,37,72
1058,N/A,24510240200,Baltimore city,Maryland,2023,52,41,64
1059,N/A,24510240200,Baltimore city,Maryland,2024,47,39,55
1060,Yes,24510250301,Baltimore city,Maryland,2020,39,38,40
1061,Yes,24510250301,Baltimore city,Maryland,2021,33,32,34
1062,Yes,24510250301,Baltimore city,Maryland,2022,39,44,34
1063,Yes,24510250301,Baltimore city,Maryland,2023,32,29,35
1064,Yes,24510250301,Baltimore city,Maryland,2024,37,39,35
1065,Yes,24510160400,Baltimore city,Maryland,2020,32,35,28
1066,Yes,24510160400,Baltimore city,Maryland,2021,22,23,21
1067,Yes,24510160400,Baltimore city,Maryland,2022,26,29,24
1068,Yes,24510160400,Baltimore city,Maryland,2023,24,26,23
1069,Yes,24510160400,Baltimore city,Maryland,2024,24,20,29
1070,Yes,24003750101,Anne Arundel County,Maryland,2020,46,47,45
1071,Yes,24003750101,Anne Arundel County,Maryland,2021,43,44,42
1072,Yes,24003750101,Anne Arundel County,Maryland,2022,46,47,45
1073,Yes,24003750101,Anne Arundel County,Maryland,2023,46,40,51
1074,Yes,24003750101,Anne Arundel County,Maryland,2024,47,42,52
1075,Yes,24510271700,Baltimore city,Maryland,2020,30,29,30
1076,Yes,24510271700,Baltimore city,Maryland,2021,40,43,38
1077,Yes,24510271700,Baltimore city,Maryland,2022,41,39,43
1078,Yes,24510271700,Baltimore city,Maryland,2023,37,31,43
1079,Yes,24510271700,Baltimore city,Maryland,2024,47,44,50
1080,Yes,24510180100,Baltimore city,Maryland,2020,38,42,33
1081,Yes,24510180100,Baltimore city,Maryland,2021,35,37,33
1082,Yes,24510180100,Baltimore city,Maryland,2022,35,36,34
1083,Yes,24510180100,Baltimore city,Maryland,2023,50,67,33
1084,Yes,24510180100,Baltimore city,Maryland,2024,48,61,34
1085,Yes,24510150400,Baltimore city,Maryland,2020,32,28,35
1086,Yes,24510150400,Baltimore city,Maryland,2021,34,29,38
1087,Yes,24510150400,Baltimore city,Maryland,2022,40,42,38
1088,Yes,24510150400,Baltimore city,Maryland,2023,38,43,33
1089,Yes,24510150400,Baltimore city,Maryland,2024,40,44,35
1090,Yes,24510270903,Baltimore city,Maryland,2020,38,45,30
1091,Yes,24510270903,Baltimore city,Maryland,2021,40,39,40
1092,Yes,24510270903,Baltimore city,Maryland,2022,42,51,33
1093,Yes,24510270903,Baltimore city,Maryland,2023,48,59,38
1094,Yes,24510270903,Baltimore city,Maryland,2024,51,55,47
1095,Yes,24510080400,Baltimore city,Maryland,2020,42,59,25
1096,Yes,24510080400,Baltimore city,Maryland,2021,41,56,26
1097,Yes,24510080400,Baltimore city,Maryland,2022,32,31,33
1098,Yes,24510080400,Baltimore city,Maryland,2023,36,33,39
1099,Yes,24510080400,Baltimore city,Maryland,2024,40,35,46
1100,N/A,24005400600,Baltimore County,Maryland,2020,50,42,57
1101,N/A,24005400600,Baltimore County,Maryland,2021,49,44,54
1102,N/A,24005400600,Baltimore County,Maryland,2022,52,50,55
1103,N/A,24005400600,Baltimore County,Maryland,2023,56,49,62
1104,N/A,24005400600,Baltimore County,Maryland,2024,58,54,62
1105,N/A,24510030200,Baltimore city,Maryland,2020,49,42,56
1106,N/A,24510030200,Baltimore city,Maryland,2021,59,60,58
1107,N/A,24510030200,Baltimore city,Maryland,2022,64,69,59
1108,N/A,24510030200,Baltimore city,Maryland,2023,68,65,72
1109,N/A,24510030200,Baltimore city,Maryland,2024,71,71,71
1110,N/A,24510160100,Baltimore city,Maryland,2020,38,40,36
1111,N/A,24510160100,Baltimore city,Maryland,2021,32,28,36
1112,N/A,24510160100,Baltimore city,Maryland,2022,32,22,42
1113,N/A,24510160100,Baltimore city,Maryland,2023,35,32,38
1114,N/A,24510160100,Baltimore city,Maryland,2024,32,26,38
1115,N/A,24510190100,Baltimore city,Maryland,2020,38,46,31
1116,N/A,24510190100,Baltimore city,Maryland,2021,38,39,36
1117,N/A,24510190100,Baltimore city,Maryland,2022,36,35,37
1118,N/A,24510190100,Baltimore city,Maryland,2023,37,40,34
1119,N/A,24510190100,Baltimore city,Maryland,2024,35,33,37
1120,N/A,24510250101,Baltimore city,Maryland,2020,50,56,43
1121,N/A,24510250101,Baltimore city,Maryland,2021,46,48,43
1122,N/A,24510250101,Baltimore city,Maryland,2022,47,44,50
1123,N/A,24510250101,Baltimore city,Maryland,2023,36,30,41
1124,N/A,24510250101,Baltimore city,Maryland,2024,36,29,42
1125,N/A,24510240400,Baltimore city,Maryland,2020,56,45,66
1126,N/A,24510240400,Baltimore city,Maryland,2021,57,46,68
1127,N/A,24510240400,Baltimore city,Maryland,2022,59,50,68
1128,N/A,24510240400,Baltimore city,Maryland,2023,65,63,67
1129,N/A,24510240400,Baltimore city,Maryland,2024,66,61,70
1130,N/A,24510160200,Baltimore city,Maryland,2020,26,26,26
1131,N/A,24510160200,Baltimore city,Maryland,2021,19,18,20
1132,N/A,24510160200,Baltimore city,Maryland,2022,20,21,19
1133,N/A,24510160200,Baltimore city,Maryland,2023,24,27,21
1134,N/A,24510160200,Baltimore city,Maryland,2024,23,21,25
1135,N/A,24510150300,Baltimore city,Maryland,2020,34,50,18
1136,N/A,24510150300,Baltimore city,Maryland,2021,22,32,13
1137,N/A,24510150300,Baltimore city,Maryland,2022,21,27,15
1138,N/A,24510150300,Baltimore city,Maryland,2023,20,27,12
1139,N/A,24510150300,Baltimore city,Maryland,2024,28,37,20
1140,N/A,24510280402,Baltimore city,Maryland,2020,30,31,30
1141,N/A,24510280402,Baltimore city,Maryland,2021,28,31,25
1142,N/A,24510280402,Baltimore city,Maryland,2022,32,38,26
1143,N/A,24510280402,Baltimore city,Maryland,2023,34,36,33
1144,N/A,24510280402,Baltimore city,Maryland,2024,36,34,37
1145,N/A,24005452300,Baltimore County,Maryland,2020,33,34,32
1146,N/A,24005452300,Baltimore County,Maryland,2021,42,44,40
1147,N/A,24005452300,Baltimore County,Maryland,2022,44,44,45
1148,N/A,24005452300,Baltimore County,Maryland,2023,40,42,38
1149,N/A,24005452300,Baltimore County,Maryland,2024,46,52,39
1150,N/A,24510130804,Baltimore city,Maryland,2020,54,45,62
1151,N/A,24510130804,Baltimore city,Maryland,2021,54,50,59
1152,N/A,24510130804,Baltimore city,Maryland,2022,49,48,50
1153,N/A,24510130804,Baltimore city,Maryland,2023,50,46,55
1154,N/A,24510130804,Baltimore city,Maryland,2024,52,52,53
1155,N/A,24510260301,Baltimore city,Maryland,2020,34,35,33
1156,N/A,24510260301,Baltimore city,Maryland,2021,38,37,39
1157,N/A,24510260301,Baltimore city,Maryland,2022,36,33,38
1158,N/A,24510260301,Baltimore city,Maryland,2023,36,32,39
1159,N/A,24510260301,Baltimore city,Maryland,2024,38,38,37
1160,N/A,24510130600,Baltimore city,Maryland,2020,65,55,75
1161,N/A,24510130600,Baltimore city,Maryland,2021,67,57,77
1162,N/A,24510130600,Baltimore city,Maryland,2022,68,64,73
1163,N/A,24510130600,Baltimore city,Maryland,2023,62,50,75
1164,N/A,24510130600,Baltimore city,Maryland,2024,66,57,74
1165,N/A,24510151100,Baltimore city,Maryland,2020,40,48,33
1166,N/A,24510151100,Baltimore city,Maryland,2021,53,62,44
1167,N/A,24510151100,Baltimore city,Maryland,2022,52,66,38
1168,N/A,24510151100,Baltimore city,Maryland,2023,44,56,31
1169,N/A,24510151100,Baltimore city,Maryland,2024,40,52,29
1170,N/A,24510160802,Baltimore city,Maryland,2020,34,37,30
1171,N/A,24510160802,Baltimore city,Maryland,2021,24,23,26
1172,N/A,24510160802,Baltimore city,Maryland,2022,32,30,35
1173,N/A,24510160802,Baltimore city,Maryland,2023,38,40,36
1174,N/A,24510160802,Baltimore city,Maryland,2024,34,30,38
1175,N/A,24510271802,Baltimore city,Maryland,2020,32,48,15
1176,N/A,24510271802,Baltimore city,Maryland,2021,28,37,19
1177,N/A,24510271802,Baltimore city,Maryland,2022,29,40,18
1178,N/A,24510271802,Baltimore city,Maryland,2023,32,39,26
1179,N/A,24510271802,Baltimore city,Maryland,2024,44,54,34
1180,N/A,24510260201,Baltimore city,Maryland,2020,44,43,44
1181,N/A,24510260201,Baltimore city,Maryland,2021,51,55,47
1182,N/A,24510260201,Baltimore city,Maryland,2022,50,56,44
1183,N/A,24510260201,Baltimore city,Maryland,2023,49,49,49
1184,N/A,24510260201,Baltimore city,Maryland,2024,52,51,53
1185,N/A,24510150702,Baltimore city,Maryland,2020,26,25,28
1186,N/A,24510150702,Baltimore city,Maryland,2021,43,53,33
1187,N/A,24510150702,Baltimore city,Maryland,2022,38,42,34
1188,N/A,24510150702,Baltimore city,Maryland,2023,34,36,32
1189,N/A,24510150702,Baltimore city,Maryland,2024,35,36,34
1190,N/A,24510270101,Baltimore city,Maryland,2020,43,32,54
1191,N/A,24510270101,Baltimore city,Maryland,2021,40,30,50
1192,N/A,24510270101,Baltimore city,Maryland,2022,49,41,57
1193,N/A,24510270101,Baltimore city,Maryland,2023,51,44,58
1194,N/A,24510270101,Baltimore city,Maryland,2024,54,39,68
1195,N/A,24510040200,Baltimore city,Maryland,2020,32,13,51
1196,N/A,24510040200,Baltimore city,Maryland,2021,46,48,45
1197,N/A,24510040200,Baltimore city,Maryland,2022,49,52,46
1198,N/A,24510040200,Baltimore city,Maryland,2023,44,47,42
1199,N/A,24510040200,Baltimore city,Maryland,2024,46,50,43
1200,N/A,24510271503,Baltimore city,Maryland,2020,39,25,53
1201,N/A,24510271503,Baltimore city,Maryland,2021,53,47,59
1202,N/A,24510271503,Baltimore city,Maryland,2022,49,40,58
1203,N/A,24510271503,Baltimore city,Maryland,2023,51,44,58
1204,N/A,24510271503,Baltimore city,Maryland,2024,51,41,61
1205,N/A,24005403202,Baltimore County,Maryland,2020,52,53,51
1206,N/A,24005403202,Baltimore County,Maryland,2021,40,33,48
1207,N/A,24005403202,Baltimore County,Maryland,2022,42,43,41
1208,N/A,24005403202,Baltimore County,Maryland,2023,41,41,41
1209,N/A,24005403202,Baltimore County,Maryland,2024,34,31,38
1210,N/A,24005490601,Baltimore County,Maryland,2020,54,45,63
1211,N/A,24005490601,Baltimore County,Maryland,2021,52,38,65
1212,N/A,24005490601,Baltimore County,Maryland,2022,55,46,64
1213,N/A,24005490601,Baltimore County,Maryland,2023,57,49,65
1214,N/A,24005490601,Baltimore County,Maryland,2024,55,41,69
1215,N/A,24005440100,Baltimore County,Maryland,2020,50,45,56
1216,N/A,24005440100,Baltimore County,Maryland,2021,49,48,50
1217,N/A,24005440100,Baltimore County,Maryland,2022,50,39,61
1218,N/A,24005440100,Baltimore County,Maryland,2023,54,45,64
1219,N/A,24005440100,Baltimore County,Maryland,2024,53,40,66